Designator,Value,Footprint,MPN,Manufacturer,LCSC,Assembly,Note
U2,ESP32-S3-DEVKITC-1-N8R8,ESP32_S3_DevKitC_1_N8R8,ESP32-S3-DEVKITC-1-N8R8,ESPRESSIF,C20541519,Manual,"ESP32-S3 DevKitC-1 v1.1 N8R8. GPIO4 STEP, GPIO5 DIR, GPIO6 ARM, GPIO1 RUN feedback, GPIO2 SET, GPIO21 lamp, GPIO47 watchdog. Pads32-34 GPIO35-37 unavailable with PSRAM. J19 power link must be removed for ordinary USB powering."
C1,10uF 100V,C_1210_3225Metric,C3225X7R2A106K250AC,TDK,C3883958,SMT,厂家特性表已核对；10uF标称，需按24V直流偏压复核实际电容
C2,22uF 10V,C_0805_2012Metric,CL21A226MPQNNNE,SAMSUNG(三星),C29277,SMT,
C4,10uF 100V,C_1210_3225Metric,C3225X7R2A106K250AC,TDK,C3883958,SMT,厂家特性表已核对；10uF标称，需按24V直流偏压复核实际电容
C5,22uF 10V,C_0805_2012Metric,CL21A226MPQNNNE,SAMSUNG(三星),C29277,SMT,
C6,100nF 50V,C_0603_1608Metric,CC0603KRX7R9BB104,YAGEO,C14663,SMT,
C7,100nF 50V,C_0603_1608Metric,CC0603KRX7R9BB104,YAGEO,C14663,SMT,
C22,10uF 100V,C_1210_3225Metric,C3225X7R2A106K250AC,TDK,C3883958,SMT,厂家特性表已核对；10uF标称，需按24V直流偏压复核实际电容
C23,22uF 10V,C_0805_2012Metric,CL21A226MPQNNNE,SAMSUNG,C29277,SMT,
D1,SS36-E3/57T,D_SMB,SS36-E3/57T,VISHAY(威世),C35722,SMT,反接保护，阳极2接保险丝，阴极1接板内24V
D8,SMBJ26A,D_SMB,SMBJ26A-13-F,DIODES,C135062,SMT,
D9,SS14,D_SMA,SS14,MDD,C2480,SMT,
F1,1A fast,Source_F1,0451001.MRL,Littelfuse(美国力特),C3099,SMT,
J1,KF301-5.0-2P,Source_J1,KF301-5.0-2P,KEFA(科发),C474881,Manual,
U1,K78U05-1000R3,K78U05_1000R3,K78U05-1000R3,MORNSUN,,Manual,专用独立 CASE 铜岛，手工装配；禁止并联输出
U11,K78UX6-1000R3,K78U05_1000R3,K78UX6-1000R3,MORNSUN,,Manual,专用独立 CASE 铜岛，手工装配；禁止并联输出
U33,K78UX6-1000R3,K78U05_1000R3,K78UX6-1000R3,MORNSUN,,Manual,RC/RO 独立供电；手工装配
C3,10nF 50V,C_0603_1608Metric,0603B103K500NT,FH,C57112,SMT,
C8,10nF 50V,C_0603_1608Metric,0603B103K500NT,FH,C57112,SMT,
C12,10nF 50V,C_0603_1608Metric,0603B103K500NT,FH,C57112,SMT,
C16,10nF 50V,C_0603_1608Metric,0603B103K500NT,FH,C57112,SMT,
D3,1N4148W,D_SOD-123,1N4148W,R+O(宏嘉诚),C7420318,SMT,
D4,1N4148W,D_SOD-123,1N4148W,R+O(宏嘉诚),C7420318,SMT,
D5,1N4148W,D_SOD-123,1N4148W,R+O(宏嘉诚),C7420318,SMT,
D6,1N4148W,D_SOD-123,1N4148W,R+O(宏嘉诚),C7420318,SMT,
J3,KF301-5.0-2P,Source_J3,KF301-5.0-2P,KEFA(科发),C474881,Manual,"SS-01GL2 COM/NC; NO unused. LO. Approx 7mA at 6.5V, no external wetting-load resistor. Open or broken wire = fault."
J13,KF301-5.0-2P,Source_J13,KF301-5.0-2P,KEFA(科发),C474881,Manual,"SS-01GL2 COM/NC; NO unused. LC. Approx 7mA at 6.5V, no external wetting-load resistor. Open or broken wire = fault."
J14,KF301-5.0-2P,Source_J14,KF301-5.0-2P,KEFA(科发),C474881,Manual,"SS-01GL2 COM/NC; NO unused. RC. Approx 7mA at 6.5V, no external wetting-load resistor. Open or broken wire = fault."
J15,KF301-5.0-2P,Source_J15,KF301-5.0-2P,KEFA(科发),C474881,Manual,"SS-01GL2 COM/NC; NO unused. RO. Approx 7mA at 6.5V, no external wetting-load resistor. Open or broken wire = fault."
R7,750R,R_0603_1608Metric,0603WAF7500T5E,UNI-ROYAL,C23241,SMT,
R8,10k,R_0603_1608Metric,0603WAF1002T5E,UNI-ROYAL,C25804,SMT,
R10,750R,R_0603_1608Metric,0603WAF7500T5E,UNI-ROYAL,C23241,SMT,
R11,10k,R_0603_1608Metric,0603WAF1002T5E,UNI-ROYAL,C25804,SMT,
R13,750R,R_0603_1608Metric,0603WAF7500T5E,UNI-ROYAL,C23241,SMT,
R14,10k,R_0603_1608Metric,0603WAF1002T5E,UNI-ROYAL,C25804,SMT,
R16,750R,R_0603_1608Metric,0603WAF7500T5E,UNI-ROYAL,C23241,SMT,
R17,10k,R_0603_1608Metric,0603WAF1002T5E,UNI-ROYAL,C25804,SMT,
U3,EL817S1(C)(TU)-VG,Source_U3,EL817S1(C)(TU)-VG,EVERLIGHT(亿光),C2992765,SMT,
U12,EL817S1(C)(TU)-VG,Source_U12,EL817S1(C)(TU)-VG,EVERLIGHT(亿光),C2992765,SMT,
U14,EL817S1(C)(TU)-VG,Source_U14,EL817S1(C)(TU)-VG,EVERLIGHT(亿光),C2992765,SMT,
U16,EL817S1(C)(TU)-VG,Source_U16,EL817S1(C)(TU)-VG,EVERLIGHT(亿光),C2992765,SMT,
C21,10nF 50V,C_0603_1608Metric,0603B103K500NT,FH,C57112,SMT,
Q1,AO3400A,SOT-23,AO3400A,AOS,C20917,SMT,
Q2,AO3400A,SOT-23,AO3400A,AOS,C20917,SMT,
Q3,AO3400A,SOT-23,AO3400A,AOS,C20917,SMT,
Q5,AO3400A,SOT-23,AO3400A,AOS,C20917,SMT,Enable holding torque when 3V3 power is good and external E-stop is healthy; independent of normal STOP
R1,100R,R_0603_1608Metric,0603WAF1000T5E,UNI-ROYAL,C22775,SMT,
R2,10k,R_0603_1608Metric,0603WAF1002T5E,UNI-ROYAL,C25804,SMT,
R3,100R,R_0603_1608Metric,0603WAF1000T5E,UNI-ROYAL,C22775,SMT,
R4,10k,R_0603_1608Metric,0603WAF1002T5E,UNI-ROYAL,C25804,SMT,
R6,10k,R_0603_1608Metric,0603WAF1002T5E,UNI-ROYAL,C25804,SMT,
R29,10k,R_0603_1608Metric,0603WAF1002T5E,UNI-ROYAL,C25804,SMT,
R30,100k,R_1210_3225Metric,RC1210FR-07100KL,YAGEO,C375531,SMT,100k isolates GPIO8 from hardware alarm raw node; 10nF gives about 1ms input filter
U18,KF301-5.0-3P,Source_U18,KF301-5.0-3P,KEFA(科发),C474882,Manual,
U19,KF301-5.0-3P,Source_U19,KF301-5.0-3P,KEFA(科发),C474882,Manual,
U20,KF301-5.0-2P,Source_J1,KF301-5.0-2P,KEFA(科发),C474881,Manual,1=ALM/P，2=COM-；原三针端子改为两针
C17,10nF 50V,C_0603_1608Metric,0603B103K500NT,FH,C57112,SMT,
C18,10nF 50V,C_0603_1608Metric,0603B103K500NT,FH,C57112,SMT,
C19,10nF 50V,C_0603_1608Metric,0603B103K500NT,FH,C57112,SMT,
C20,10nF 50V,C_0603_1608Metric,0603B103K500NT,FH,C57112,SMT,
D10,1N4148W,D_SOD-123,1N4148W,R+O,C7420318,SMT,
D11,1N4148W,D_SOD-123,1N4148W,R+O,C7420318,SMT,
D12,1N4148W,D_SOD-123,1N4148W,R+O,C7420318,SMT,
D13,1N4148W,D_SOD-123,1N4148W,R+O,C7420318,SMT,
R21,3.3k,R_1210_3225Metric,1210W2J0332T5E,UNI-ROYAL(厚声),C621025,SMT,
R22,10k,R_0603_1608Metric,0603WAF1002T5E,UNI-ROYAL,C25804,SMT,
R23,3.3k,R_1210_3225Metric,1210W2J0332T5E,UNI-ROYAL(厚声),C621025,SMT,
R24,10k,R_0603_1608Metric,0603WAF1002T5E,UNI-ROYAL,C25804,SMT,
R25,3.3k,R_1210_3225Metric,1210W2J0332T5E,UNI-ROYAL(厚声),C621025,SMT,
R26,10k,R_0603_1608Metric,0603WAF1002T5E,UNI-ROYAL,C25804,SMT,
R27,3.3k,R_1210_3225Metric,1210W2J0332T5E,UNI-ROYAL(厚声),C621025,SMT,
R28,10k,R_0603_1608Metric,0603WAF1002T5E,UNI-ROYAL,C25804,SMT,
R36,100k,R_0603_1608Metric,0603WAF1003T5E,UNI-ROYAL,C25803,SMT,隔开MCU与硬件停机节点；GPIO12/18须纯输入、禁用内部上下拉
R37,100k,R_0603_1608Metric,0603WAF1003T5E,UNI-ROYAL,C25803,SMT,隔开MCU与硬件停机节点；GPIO12/18须纯输入、禁用内部上下拉
U21,KF301-5.0-2P,Source_U21,KF301-5.0-2P,KEFA(科发),C474881,Manual,绿色 LAY711BN32 的 NO 触点，开帘
U22,KF301-5.0-2P,Source_U22,KF301-5.0-2P,KEFA(科发),C474881,Manual,红色 LAY711BN42 的 NC 触点；按下或断线均停止
U23,KF301-5.0-2P,Source_U23,KF301-5.0-2P,KEFA(科发),C474881,Manual,黑色 LAY711BN22 的 NO 触点，关帘
U24,KF301-5.0-2P,Source_U24,KF301-5.0-2P,KEFA(科发),C474881,Manual,接板外两路急停NC串联之后、K1线圈A1的24V节点；不再接驱动器母线；仅检测，不承载电机功率
U25,EL817S1(C)(TU)-VG,Source_U25,EL817S1(C)(TU)-VG,EVERLIGHT(亿光),C2992765,SMT,
U26,EL817S1(C)(TU)-VG,Source_U26,EL817S1(C)(TU)-VG,EVERLIGHT(亿光),C2992765,SMT,
U27,EL817S1(C)(TU)-VG,Source_U27,EL817S1(C)(TU)-VG,EVERLIGHT(亿光),C2992765,SMT,
U28,EL817S1(C)(TU)-VG,Source_U28,EL817S1(C)(TU)-VG,EVERLIGHT(亿光),C2992765,SMT,
BZ1,KLJ-9650-5Y,KLJ_9650_5Y,KLJ-9650-5Y,KELIKING,C18186314,SMT,Internal actualSMT active buzzer; positive pad1. Reflow curve/cleaning per manufacturer.
D7,SS14,D_SMA,SS14,MDD,C2480,SMT,
F2,PTC 0.35A,Fuse_1206_3216Metric,1206L035/16YR,Littelfuse,C126817,SMT,
Q4,AO3400A,SOT-23,AO3400A,AOS,C20917,SMT,
R31,4.7k,R_1210_3225Metric,1210W2J0472T5E,UNI-ROYAL(厚声),C26060,SMT,
R32,4.7k,R_1210_3225Metric,1210W2J0472T5E,UNI-ROYAL(厚声),C26060,SMT,
R33,10k,R_0603_1608Metric,0603WAF1002T5E,UNI-ROYAL,C25804,SMT,
R34,100R,R_0603_1608Metric,0603WAF1000T5E,UNI-ROYAL,C22775,SMT,
U30,KF301-5.0-4P,KF301_5_0_4P,KF301-5.0-4P,KEFA(科发),C5350152,Manual,"1=3V3, 2=GND, 3=SDA, 4=SCL"
U34,SN74LVC14APWR,TSSOP-14_4.4x5mm_P0.65mm,SN74LVC14APWR,TI,C7663,SMT,
U35,SN74LVC08APWR,TSSOP-14_4.4x5mm_P0.65mm,SN74LVC08APWR,TI,C465737,SMT,
U36,SN74LVC86APWR,TSSOP-14_4.4x5mm_P0.65mm,SN74LVC86APWR,TI,C350562,SMT,
U37,SN74LVC08APWR,TSSOP-14_4.4x5mm_P0.65mm,SN74LVC08APWR,TI,C465737,SMT,
U38,SN74LVC32APWR,TSSOP-14_4.4x5mm_P0.65mm,SN74LVC32APWR,TI,C352974,SMT,
U39,SN74LVC08APWR,TSSOP-14_4.4x5mm_P0.65mm,SN74LVC08APWR,TI,C465737,SMT,
U40,SN74LVC74APWR,TSSOP-14_4.4x5mm_P0.65mm,SN74LVC74APWR,TI,C350561,SMT,"Asynchronous clear, D=1; only a fresh GPIO6 rising edge after healthy inputs may re-arm. Unused flip-flop is held cleared."
U41,TLV803EA30DBZR,SOT-23,TLV803EA30DBZR,TI,C5218924,SMT,"Pin1 GND,2 RESET open-drain,3 VDD.3V3 falling threshold raised above ESP32 minimum3.0V."
U42,SN74LVC14APWR,TSSOP-14_4.4x5mm_P0.65mm,SN74LVC14APWR,TI,C7663,SMT,Schmitt conditions slow open-collector alarm/POR edges before ordinary CMOS gates
C24,100nF 50V,C_0603_1608Metric,CC0603KRX7R9BB104,YAGEO,C14663,SMT,Local decoupling for U34
C25,100nF 50V,C_0603_1608Metric,CC0603KRX7R9BB104,YAGEO,C14663,SMT,Local decoupling for U35
C26,100nF 50V,C_0603_1608Metric,CC0603KRX7R9BB104,YAGEO,C14663,SMT,Local decoupling for U36
C27,100nF 50V,C_0603_1608Metric,CC0603KRX7R9BB104,YAGEO,C14663,SMT,Local decoupling for U37
C28,100nF 50V,C_0603_1608Metric,CC0603KRX7R9BB104,YAGEO,C14663,SMT,Local decoupling for U38
C29,100nF 50V,C_0603_1608Metric,CC0603KRX7R9BB104,YAGEO,C14663,SMT,Local decoupling for U39
C30,100nF 50V,C_0603_1608Metric,CC0603KRX7R9BB104,YAGEO,C14663,SMT,Local decoupling for U40
C31,100nF 50V,C_0603_1608Metric,CC0603KRX7R9BB104,YAGEO,C14663,SMT,Local decoupling for U41
C32,100nF 50V,C_0603_1608Metric,CC0603KRX7R9BB104,YAGEO,C14663,SMT,Local decoupling for U42
J16,DIR_SELECT,PinHeader_1x03_P2.54mm_Vertical,2.54mm 1x3 male header - exact MPN TBD,Generic,,Manual,1-2(default): GPIO5 HIGH means OPEN; 2-3: GPIO5 LOW means OPEN. Fit shunt only with power off.
J17,ALM_POLARITY,PinHeader_1x03_P2.54mm_Vertical,2.54mm 1x3 male header - exact MPN TBD,Generic,,Manual,"1-2(default): ALM raw LOW is healthy (normally conducting output, broken wire faults). 2-3: raw HIGH is healthy; broken-wire detection lost."
R5,100R,R_0603_1608Metric,0603WAF1000T5E,UNI-ROYAL,C22775,SMT,100R clock series resistor; fresh rising edge re-arms the hardware latch
R35,10k,R_0603_1608Metric,0603WAF1002T5E,UNI-ROYAL,C25804,SMT,Defined LOW at GPIO6 reset; no automatic fault-recovery re-arm
R38,100R,R_0603_1608Metric,0603WAF1000T5E,UNI-ROYAL,C22775,SMT,
R39,10k,R_0603_1608Metric,0603WAF1002T5E,UNI-ROYAL,C25804,SMT,
R40,10k,R_0603_1608Metric,0603WAF1002T5E,UNI-ROYAL,C25804,SMT,
R41,10k,R_0603_1608Metric,0603WAF1002T5E,UNI-ROYAL,C25804,SMT,
R42,10k,R_0603_1608Metric,0603WAF1002T5E,UNI-ROYAL,C25804,SMT,
R43,1k,R_0603_1608Metric,0603WAF1001T5E,UNI-ROYAL,C21190,SMT,"GPIO1 latch status input, no internal pulls; series protection if MCU pin is accidentally an output"
R44,100k,R_0603_1608Metric,0603WAF1003T5E,UNI-ROYAL,C25803,SMT,MCU sense isolation: GPIO driven LOW cannot hide the hardware limit fault. Internal pulls OFF.
R45,100k,R_0603_1608Metric,0603WAF1003T5E,UNI-ROYAL,C25803,SMT,MCU sense isolation: GPIO driven LOW cannot hide the hardware limit fault. Internal pulls OFF.
R46,100k,R_0603_1608Metric,0603WAF1003T5E,UNI-ROYAL,C25803,SMT,MCU sense isolation: GPIO driven LOW cannot hide the hardware limit fault. Internal pulls OFF.
R47,100k,R_0603_1608Metric,0603WAF1003T5E,UNI-ROYAL,C25803,SMT,MCU sense isolation: GPIO driven LOW cannot hide the hardware limit fault. Internal pulls OFF.
C33,100nF 50V,C_0603_1608Metric,CC0603KRX7R9BB104,YAGEO,C14663,SMT,0.1ms falling edge / approx 1.1ms release; firmware debounce 30ms.
D14,1N4148W,D_SOD-123,1N4148W,R+O(宏嘉诚),C7420318,SMT,Reverse protection across U43 optocoupler LED.
J18,B4B-XH-A 4P,JST_XH_B4B-XH-A_1x04_P2.50mm_Vertical,B4B-XH-A(LF)(SN),JST,,Manual,"GQ12 momentary 1NO+1NC, 24V red illuminated metal SET. J18: 1=NO contact A (C/COM if marked), 2=NO contact B, 3=24V lamp L+, 4=lamp L-. NC insulated and unused. Exact MPN, terminal marks and SPDT rear dimensions must be confirmed; never apply 24V to ESP32 GPIO."
Q6,BC846B,SOT-23,"BC846B,215",Nexperia,C87062,SMT,"BC846B,215 B1 E2 C3; 65V/100mA absolute ratings. Lamp design envelope <=50mA; exact lamp current must be measured. R52=300R gives about8mA base drive; R53 holds OFF during reset."
R48,3.3k 0.66W,R_1206_3216Metric,ERJ-UP8F3301V,Panasonic,C2123435,SMT,"24V SET contact loop: (24-1.2)/3300=6.91mA, 0.158W held; 0.198W at 26.4V/1V/1%-low resistor. No shunt wetting load."
R49,10k,R_0603_1608Metric,0603WAF1002T5E,UNI-ROYAL,C25804,SMT,
R50,1k,R_0603_1608Metric,0603WAF1001T5E,UNI-ROYAL,C21190,SMT,
R51,0R,R_0603_1608Metric,RC0603JR-070RL,YAGEO,C95177,SMT,"0R feed link for24V ready-lamp module with internal current setting. Nominal20mA and stress50mA are editable assumptions, not actual lamp specifications."
R52,300R,R_0603_1608Metric,RC0603FR-07300RL,YAGEO,C114617,SMT,"BC846B base current resistor, about8mA at 3.3V/VBE=.8V; pad1 GPIO21, pad2 base."
R53,10k,R_0603_1608Metric,0603WAF1002T5E,UNI-ROYAL,C25804,SMT,BC846B 10k base-emitter pull-down; lamp OFF while GPIO21 is high impedance.
U43,EL817S1(C)(TU)-VG,Source_U3,EL817S1(C)(TU)-VG,EVERLIGHT(亿光),C2992765,SMT,
C34,100nF 50V,C_0603_1608Metric,CC0603KRX7R9BB104,YAGEO,C14663,SMT,"U44 local supply bypass, placed beside VDD/GND."
Q7,AO3400A,SOT-23,AO3400A,AOS,C20917,SMT,Q7 pulls common reset LOW when the divided control-5V voltage is LOW; covers supervisor RESET undefined below VDD=0.7V.
R54,10k,R_0603_1608Metric,0603WAF1002T5E,UNI-ROYAL,C25804,SMT,R54/R55 detect hard-zero 5V independently of supervisor output; R56 is the 3V3 open-drain pull-up.
R55,10k,R_0603_1608Metric,0603WAF1002T5E,UNI-ROYAL,C25804,SMT,R54/R55 detect hard-zero 5V independently of supervisor output; R56 is the 3V3 open-drain pull-up.
R56,10k,R_0603_1608Metric,0603WAF1002T5E,UNI-ROYAL,C25804,SMT,Q7 gate pull-down; local Schmitt output goes HIGH when control 5V is absent.
U44,TLV803EA43DBZR,SOT-23,TLV803EA43DBZR,TI,C2864501,SMT,"Control 5V supervisor, 4.38V, nominal 200ms release. Open-drain RESET shares POR_RAW_N with U41; existing R42 pulls to 3V3."
C35,100nF 50V,C_0603_1608Metric,CC0603KRX7R9BB104,YAGEO,C14663,SMT,"Local watchdog/buzzer bypass, short ground connection."
C36,100nF 50V,C_0603_1608Metric,CC0603KRX7R9BB104,YAGEO,C14663,SMT,"Local watchdog/buzzer bypass, short ground connection."
D15,TPD2E2U06DRLR,SOT-553,TPD2E2U06DRLR,TI,C1972959,SMT,NC1/2 grounded per datasheet allowed; mandatory GND4. Place next to sensor connector. Actual system ESD testing still required.
J19,MCU_PWR_LINK,PinHeader_1x02_P2.54mm_Vertical,B-2100S02P-A110,Ckmtw,C124375,Manual,Fit shunt in24V operation; REMOVE when ordinary USB provides DevKit power. Never assume simultaneous supply supported.
R57,10k,R_0603_1608Metric,0603WAF1002T5E,UNI-ROYAL,C25804,SMT,"Timeout selection, not timing capacitor."
R58,10k,R_0603_1608Metric,0603WAF1002T5E,UNI-ROYAL,C25804,SMT,Shared open-drain WDO/ENOUT pull-up.
R59,100R,R_0603_1608Metric,0603WAF1000T5E,UNI-ROYAL,C22775,SMT,GPIO47 heartbeat series resistor; falling edges feed watchdog.
R60,10k,R_0603_1608Metric,0603WAF1002T5E,UNI-ROYAL,C25804,SMT,Defined watchdog input during GPIO reset.
R61,100R,R_0603_1608Metric,0603WAF1000T5E,UNI-ROYAL,C22775,SMT,Connector-side damping/current limiting. Include in I2C low-level/rise-time acceptance.
R62,100R,R_0603_1608Metric,0603WAF1000T5E,UNI-ROYAL,C22775,SMT,Connector-side damping/current limiting.100kHz/400pF design envelope.
U45,TPS3431SDRBR,Texas_DRB0008A,TPS3431SDRBR,TI,C702145,SMT,SET1 high+CWD10k toVDD selects200ms typ170–230ms. WDO+ENOUT open-drain tied per manufacturer. EN from DevKit reset.
