Comment,Designator,Footprint,LCSC Part #
10uF 100V,"C1,C4,C22",C_1210_3225Metric,C3883958
22uF 10V,"C2,C5,C23",C_0805_2012Metric,C29277
100nF 50V,"C6,C7,C24,C25,C26,C27,C28,C29,C30,C31,C32,C33,C34,C35,C36",C_0603_1608Metric,C14663
SS36-E3/57T,D1,D_SMB,C35722
SMBJ26A,D8,D_SMB,C135062
SS14,"D9,D7",D_SMA,C2480
1A fast,F1,Source_F1,C3099
10nF 50V,"C3,C8,C12,C16,C21,C17,C18,C19,C20",C_0603_1608Metric,C57112
1N4148W,"D3,D4,D5,D6,D10,D11,D12,D13,D14",D_SOD-123,C7420318
750R,"R7,R10,R13,R16",R_0603_1608Metric,C23241
10k,"R8,R11,R14,R17,R2,R4,R6,R29,R22,R24,R26,R28,R33,R35,R39,R40,R41,R42,R49,R53,R54,R55,R56,R57,R58,R60",R_0603_1608Metric,C25804
EL817S1(C)(TU)-VG,"U3,U43",Source_U3,C2992765
EL817S1(C)(TU)-VG,U12,Source_U12,C2992765
EL817S1(C)(TU)-VG,U14,Source_U14,C2992765
EL817S1(C)(TU)-VG,U16,Source_U16,C2992765
AO3400A,"Q1,Q2,Q3,Q5,Q4,Q7",SOT-23,C20917
100R,"R1,R3,R34,R5,R38,R59,R61,R62",R_0603_1608Metric,C22775
100k,R30,R_1210_3225Metric,C375531
3.3k,"R21,R23,R25,R27",R_1210_3225Metric,C621025
100k,"R36,R37,R44,R45,R46,R47",R_0603_1608Metric,C25803
EL817S1(C)(TU)-VG,U25,Source_U25,C2992765
EL817S1(C)(TU)-VG,U26,Source_U26,C2992765
EL817S1(C)(TU)-VG,U27,Source_U27,C2992765
EL817S1(C)(TU)-VG,U28,Source_U28,C2992765
KLJ-9650-5Y,BZ1,KLJ_9650_5Y,C18186314
PTC 0.35A,F2,Fuse_1206_3216Metric,C126817
4.7k,"R31,R32",R_1210_3225Metric,C26060
SN74LVC14APWR,"U34,U42",TSSOP-14_4.4x5mm_P0.65mm,C7663
SN74LVC08APWR,"U35,U37,U39",TSSOP-14_4.4x5mm_P0.65mm,C465737
SN74LVC86APWR,U36,TSSOP-14_4.4x5mm_P0.65mm,C350562
SN74LVC32APWR,U38,TSSOP-14_4.4x5mm_P0.65mm,C352974
SN74LVC74APWR,U40,TSSOP-14_4.4x5mm_P0.65mm,C350561
TLV803EA30DBZR,U41,SOT-23,C5218924
1k,"R43,R50",R_0603_1608Metric,C21190
BC846B,Q6,SOT-23,C87062
3.3k 0.66W,R48,R_1206_3216Metric,C2123435
0R,R51,R_0603_1608Metric,C95177
300R,R52,R_0603_1608Metric,C114617
TLV803EA43DBZR,U44,SOT-23,C2864501
TPD2E2U06DRLR,D15,SOT-553,C1972959
TPS3431SDRBR,U45,Texas_DRB0008A,C702145
