Designator,Mid X,Mid Y,Layer,Rotation
C1,33.672000mm,57.168000mm,bottom,0.000000
C2,38.752000mm,51.068000mm,bottom,0.000000
C3,26.212000mm,32.868000mm,bottom,90.000000
C4,48.672000mm,57.168000mm,bottom,0.000000
C5,53.752000mm,51.068000mm,bottom,0.000000
C6,40.712000mm,47.068000mm,bottom,0.000000
C7,29.712000mm,61.868000mm,bottom,0.000000
C8,31.292000mm,32.868000mm,bottom,0.000000
C12,36.372000mm,34.868000mm,bottom,0.000000
C16,41.452000mm,34.868000mm,bottom,0.000000
C17,51.612000mm,34.868000mm,bottom,0.000000
C18,56.692000mm,32.868000mm,bottom,0.000000
C19,61.772000mm,33.368000mm,bottom,90.000000
C20,46.532000mm,34.868000mm,bottom,0.000000
C21,73.212000mm,30.368000mm,bottom,90.000000
C22,63.672000mm,57.168000mm,bottom,0.000000
C23,68.752000mm,51.068000mm,bottom,0.000000
C24,61.574500mm,37.868000mm,bottom,-90.000000
C25,73.374500mm,34.968001mm,bottom,90.000000
C27,64.374500mm,11.868000mm,bottom,-90.000000
C28,91.474500mm,28.068000mm,bottom,-90.000000
C29,92.712000mm,45.868000mm,bottom,90.000000
C31,67.212000mm,11.868000mm,bottom,0.000000
C32,36.262000mm,48.180500mm,bottom,0.000000
C33,63.712000mm,51.368000mm,bottom,0.000000
C34,80.299500mm,14.668001mm,bottom,-90.000000
D3,64.212000mm,41.868000mm,bottom,90.000000
D4,69.212000mm,47.368000mm,bottom,0.000000
D5,86.212000mm,44.368000mm,bottom,90.000000
D6,97.212000mm,45.868000mm,bottom,0.000000
D7,91.212000mm,4.868000mm,bottom,90.000000
D9,27.712000mm,47.368000mm,bottom,0.000000
D10,49.212000mm,18.868000mm,bottom,0.000000
D11,61.212000mm,20.868000mm,bottom,0.000000
D12,73.212000mm,21.868000mm,bottom,0.000000
D13,85.212000mm,18.868000mm,bottom,0.000000
D14,65.212000mm,60.368000mm,bottom,0.000000
F2,94.212000mm,14.868000mm,bottom,90.000000
Q1,92.062000mm,49.868000mm,bottom,-90.000000
Q2,28.212000mm,11.868000mm,bottom,90.000000
Q3,44.212000mm,11.868000mm,bottom,90.000000
Q4,93.212000mm,10.368000mm,bottom,0.000000
Q5,37.212000mm,18.368000mm,bottom,0.000000
Q6,81.712000mm,46.368000mm,bottom,0.000000
Q7,38.462000mm,22.368000mm,bottom,90.000000
R1,89.262000mm,47.768000mm,bottom,90.000000
R2,89.212000mm,50.968000mm,bottom,90.000000
R3,24.712000mm,12.068000mm,bottom,0.000000
R4,28.612000mm,8.868000mm,bottom,0.000000
R5,33.212000mm,19.368000mm,bottom,0.000000
R6,38.212000mm,5.868000mm,bottom,90.000000
R7,60.612000mm,49.368000mm,bottom,0.000000
R8,26.212000mm,28.868000mm,bottom,90.000000
R10,72.612000mm,48.868000mm,bottom,90.000000
R11,31.292000mm,24.868000mm,bottom,0.000000
R13,78.212000mm,45.868000mm,bottom,90.000000
R14,36.372000mm,32.868000mm,bottom,0.000000
R16,90.212000mm,45.368000mm,bottom,0.000000
R17,41.452000mm,32.868000mm,bottom,0.000000
R21,48.212000mm,8.368000mm,bottom,90.000000
R22,51.612000mm,32.868000mm,bottom,0.000000
R23,64.712000mm,5.368000mm,bottom,0.000000
R24,54.192000mm,28.868000mm,bottom,90.000000
R25,71.712000mm,5.868000mm,bottom,0.000000
R26,64.272000mm,24.868000mm,bottom,0.000000
R27,85.212000mm,8.368000mm,bottom,0.000000
R28,46.532000mm,32.868000mm,bottom,0.000000
R29,84.212000mm,26.868000mm,bottom,90.000000
R30,88.212000mm,26.868000mm,bottom,0.000000
R31,15.212000mm,47.368000mm,bottom,-90.000000
R32,10.712000mm,54.368000mm,bottom,0.000000
R33,89.212000mm,17.368000mm,bottom,90.000000
R34,90.212000mm,21.868000mm,bottom,0.000000
R35,43.212000mm,17.868000mm,bottom,0.000000
R36,53.722000mm,18.368000mm,bottom,0.000000
R37,33.442000mm,17.368000mm,bottom,0.000000
R38,54.212000mm,21.868000mm,bottom,0.000000
R39,52.712000mm,24.368000mm,bottom,90.000000
R40,56.212000mm,24.368000mm,bottom,90.000000
R41,54.212000mm,32.368000mm,bottom,90.000000
R42,50.212000mm,24.868000mm,bottom,0.000000
R43,57.712000mm,20.868000mm,bottom,90.000000
R44,45.212000mm,24.868000mm,bottom,0.000000
R45,59.212000mm,24.868000mm,bottom,0.000000
R46,47.712000mm,24.368000mm,bottom,90.000000
R47,61.712000mm,24.368000mm,bottom,90.000000
R48,61.462000mm,61.368000mm,bottom,90.000000
R49,74.212000mm,53.768000mm,bottom,90.000000
R50,60.212000mm,57.368000mm,bottom,90.000000
R51,81.212000mm,41.868000mm,bottom,90.000000
R52,80.212000mm,60.868000mm,bottom,90.000000
R53,90.212000mm,59.868000mm,bottom,90.000000
R54,41.962000mm,24.368000mm,bottom,90.000000
R55,42.462000mm,21.118000mm,bottom,90.000000
R56,34.962000mm,21.118000mm,bottom,0.000000
U3,19.212000mm,28.868000mm,bottom,0.000000
U12,33.212000mm,28.868000mm,bottom,0.000000
U14,47.212000mm,28.868000mm,bottom,0.000000
U16,61.212000mm,28.868000mm,bottom,0.000000
U25,36.212000mm,10.368000mm,bottom,0.000000
U26,56.212000mm,10.368000mm,bottom,0.000000
U27,76.212000mm,10.368000mm,bottom,0.000000
U28,16.212000mm,10.368000mm,bottom,0.000000
U34,57.212000mm,42.368000mm,bottom,0.000000
U35,67.212000mm,34.868000mm,bottom,0.000000
U36,78.212000mm,31.868000mm,bottom,0.000000
U37,62.212000mm,16.368000mm,bottom,0.000000
U38,86.212000mm,31.868000mm,bottom,0.000000
U39,92.212000mm,39.868000mm,bottom,90.000000
U40,48.212000mm,42.368000mm,bottom,0.000000
U41,67.212000mm,8.868000mm,bottom,0.000000
U42,34.212000mm,43.368000mm,bottom,90.000000
U43,77.212000mm,25.868000mm,bottom,0.000000
U44,77.462000mm,15.618000mm,bottom,0.000000
BZ1,83.962000mm,39.618000mm,top,0.000000
C26,82.212000mm,27.868000mm,top,-90.000000
C30,51.712000mm,40.868000mm,top,0.000000
C35,58.212000mm,62.618000mm,top,0.000000
C36,76.712000mm,45.618000mm,top,0.000000
D1,26.712000mm,54.868000mm,top,90.000000
D8,21.212000mm,48.368000mm,top,0.000000
D15,13.212000mm,49.368000mm,top,0.000000
F1,19.212000mm,53.868000mm,top,0.000000
R57,56.212000mm,60.118000mm,top,0.000000
R58,62.212000mm,62.618000mm,top,180.000000
R59,44.712000mm,41.868000mm,top,90.000000
R60,63.962000mm,60.118000mm,top,0.000000
R61,15.962000mm,50.868000mm,top,0.000000
R62,15.962000mm,48.868000mm,top,0.000000
U45,60.212000mm,59.868000mm,top,0.000000
