Ref,Val,Package,PosX,PosY,Rot,Side
"C1","10uF 100V","C_1210_3225Metric",33.672000,57.168000,0.000000,bottom
"C2","22uF 10V","C_0805_2012Metric",38.752000,51.068000,0.000000,bottom
"C3","10nF 50V","C_0603_1608Metric",26.212000,32.868000,90.000000,bottom
"C4","10uF 100V","C_1210_3225Metric",48.672000,57.168000,0.000000,bottom
"C5","22uF 10V","C_0805_2012Metric",53.752000,51.068000,0.000000,bottom
"C6","100nF 50V","C_0603_1608Metric",40.712000,47.068000,0.000000,bottom
"C7","100nF 50V","C_0603_1608Metric",29.712000,61.868000,0.000000,bottom
"C8","10nF 50V","C_0603_1608Metric",31.292000,32.868000,0.000000,bottom
"C12","10nF 50V","C_0603_1608Metric",36.372000,34.868000,0.000000,bottom
"C16","10nF 50V","C_0603_1608Metric",41.452000,34.868000,0.000000,bottom
"C17","10nF 50V","C_0603_1608Metric",51.612000,34.868000,0.000000,bottom
"C18","10nF 50V","C_0603_1608Metric",56.692000,32.868000,0.000000,bottom
"C19","10nF 50V","C_0603_1608Metric",61.772000,33.368000,90.000000,bottom
"C20","10nF 50V","C_0603_1608Metric",46.532000,34.868000,0.000000,bottom
"C21","10nF 50V","C_0603_1608Metric",73.212000,30.368000,90.000000,bottom
"C22","10uF 100V","C_1210_3225Metric",63.672000,57.168000,0.000000,bottom
"C23","22uF 10V","C_0805_2012Metric",68.752000,51.068000,0.000000,bottom
"C24","100nF 50V","C_0603_1608Metric",61.574500,37.868000,-90.000000,bottom
"C25","100nF 50V","C_0603_1608Metric",73.374500,34.968001,90.000000,bottom
"C27","100nF 50V","C_0603_1608Metric",64.374500,11.868000,-90.000000,bottom
"C28","100nF 50V","C_0603_1608Metric",91.474500,28.068000,-90.000000,bottom
"C29","100nF 50V","C_0603_1608Metric",92.712000,45.868000,90.000000,bottom
"C31","100nF 50V","C_0603_1608Metric",67.212000,11.868000,0.000000,bottom
"C32","100nF 50V","C_0603_1608Metric",36.262000,48.180500,0.000000,bottom
"C33","100nF 50V","C_0603_1608Metric",63.712000,51.368000,0.000000,bottom
"C34","100nF 50V","C_0603_1608Metric",80.299500,14.668001,-90.000000,bottom
"D3","1N4148W","D_SOD-123",64.212000,41.868000,90.000000,bottom
"D4","1N4148W","D_SOD-123",69.212000,47.368000,0.000000,bottom
"D5","1N4148W","D_SOD-123",86.212000,44.368000,90.000000,bottom
"D6","1N4148W","D_SOD-123",97.212000,45.868000,0.000000,bottom
"D7","SS14","D_SMA",91.212000,4.868000,90.000000,bottom
"D9","SS14","D_SMA",27.712000,47.368000,0.000000,bottom
"D10","1N4148W","D_SOD-123",49.212000,18.868000,0.000000,bottom
"D11","1N4148W","D_SOD-123",61.212000,20.868000,0.000000,bottom
"D12","1N4148W","D_SOD-123",73.212000,21.868000,0.000000,bottom
"D13","1N4148W","D_SOD-123",85.212000,18.868000,0.000000,bottom
"D14","1N4148W","D_SOD-123",65.212000,60.368000,0.000000,bottom
"F2","PTC 0.35A","Fuse_1206_3216Metric",94.212000,14.868000,90.000000,bottom
"Q1","AO3400A","SOT-23",92.062000,49.868000,-90.000000,bottom
"Q2","AO3400A","SOT-23",28.212000,11.868000,90.000000,bottom
"Q3","AO3400A","SOT-23",44.212000,11.868000,90.000000,bottom
"Q4","AO3400A","SOT-23",93.212000,10.368000,0.000000,bottom
"Q5","AO3400A","SOT-23",37.212000,18.368000,0.000000,bottom
"Q6","BC846B","SOT-23",81.712000,46.368000,0.000000,bottom
"Q7","AO3400A","SOT-23",38.462000,22.368000,90.000000,bottom
"R1","100R","R_0603_1608Metric",89.262000,47.768000,90.000000,bottom
"R2","10k","R_0603_1608Metric",89.212000,50.968000,90.000000,bottom
"R3","100R","R_0603_1608Metric",24.712000,12.068000,0.000000,bottom
"R4","10k","R_0603_1608Metric",28.612000,8.868000,0.000000,bottom
"R5","100R","R_0603_1608Metric",33.212000,19.368000,0.000000,bottom
"R6","10k","R_0603_1608Metric",38.212000,5.868000,90.000000,bottom
"R7","750R","R_0603_1608Metric",60.612000,49.368000,0.000000,bottom
"R8","10k","R_0603_1608Metric",26.212000,28.868000,90.000000,bottom
"R10","750R","R_0603_1608Metric",72.612000,48.868000,90.000000,bottom
"R11","10k","R_0603_1608Metric",31.292000,24.868000,0.000000,bottom
"R13","750R","R_0603_1608Metric",78.212000,45.868000,90.000000,bottom
"R14","10k","R_0603_1608Metric",36.372000,32.868000,0.000000,bottom
"R16","750R","R_0603_1608Metric",90.212000,45.368000,0.000000,bottom
"R17","10k","R_0603_1608Metric",41.452000,32.868000,0.000000,bottom
"R21","3.3k","R_1210_3225Metric",48.212000,8.368000,90.000000,bottom
"R22","10k","R_0603_1608Metric",51.612000,32.868000,0.000000,bottom
"R23","3.3k","R_1210_3225Metric",64.712000,5.368000,0.000000,bottom
"R24","10k","R_0603_1608Metric",54.192000,28.868000,90.000000,bottom
"R25","3.3k","R_1210_3225Metric",71.712000,5.868000,0.000000,bottom
"R26","10k","R_0603_1608Metric",64.272000,24.868000,0.000000,bottom
"R27","3.3k","R_1210_3225Metric",85.212000,8.368000,0.000000,bottom
"R28","10k","R_0603_1608Metric",46.532000,32.868000,0.000000,bottom
"R29","10k","R_0603_1608Metric",84.212000,26.868000,90.000000,bottom
"R30","100k","R_1210_3225Metric",88.212000,26.868000,0.000000,bottom
"R31","4.7k","R_1210_3225Metric",15.212000,47.368000,-90.000000,bottom
"R32","4.7k","R_1210_3225Metric",10.712000,54.368000,0.000000,bottom
"R33","10k","R_0603_1608Metric",89.212000,17.368000,90.000000,bottom
"R34","100R","R_0603_1608Metric",90.212000,21.868000,0.000000,bottom
"R35","10k","R_0603_1608Metric",43.212000,17.868000,0.000000,bottom
"R36","100k","R_0603_1608Metric",53.722000,18.368000,0.000000,bottom
"R37","100k","R_0603_1608Metric",33.442000,17.368000,0.000000,bottom
"R38","100R","R_0603_1608Metric",54.212000,21.868000,0.000000,bottom
"R39","10k","R_0603_1608Metric",52.712000,24.368000,90.000000,bottom
"R40","10k","R_0603_1608Metric",56.212000,24.368000,90.000000,bottom
"R41","10k","R_0603_1608Metric",54.212000,32.368000,90.000000,bottom
"R42","10k","R_0603_1608Metric",50.212000,24.868000,0.000000,bottom
"R43","1k","R_0603_1608Metric",57.712000,20.868000,90.000000,bottom
"R44","100k","R_0603_1608Metric",45.212000,24.868000,0.000000,bottom
"R45","100k","R_0603_1608Metric",59.212000,24.868000,0.000000,bottom
"R46","100k","R_0603_1608Metric",47.712000,24.368000,90.000000,bottom
"R47","100k","R_0603_1608Metric",61.712000,24.368000,90.000000,bottom
"R48","3.3k 0.66W","R_1206_3216Metric",61.462000,61.368000,90.000000,bottom
"R49","10k","R_0603_1608Metric",74.212000,53.768000,90.000000,bottom
"R50","1k","R_0603_1608Metric",60.212000,57.368000,90.000000,bottom
"R51","0R","R_0603_1608Metric",81.212000,41.868000,90.000000,bottom
"R52","300R","R_0603_1608Metric",80.212000,60.868000,90.000000,bottom
"R53","10k","R_0603_1608Metric",90.212000,59.868000,90.000000,bottom
"R54","10k","R_0603_1608Metric",41.962000,24.368000,90.000000,bottom
"R55","10k","R_0603_1608Metric",42.462000,21.118000,90.000000,bottom
"R56","10k","R_0603_1608Metric",34.962000,21.118000,0.000000,bottom
"U3","EL817S1(C)(TU)-VG","Source_U3",19.212000,28.868000,0.000000,bottom
"U12","EL817S1(C)(TU)-VG","Source_U12",33.212000,28.868000,0.000000,bottom
"U14","EL817S1(C)(TU)-VG","Source_U14",47.212000,28.868000,0.000000,bottom
"U16","EL817S1(C)(TU)-VG","Source_U16",61.212000,28.868000,0.000000,bottom
"U25","EL817S1(C)(TU)-VG","Source_U25",36.212000,10.368000,0.000000,bottom
"U26","EL817S1(C)(TU)-VG","Source_U26",56.212000,10.368000,0.000000,bottom
"U27","EL817S1(C)(TU)-VG","Source_U27",76.212000,10.368000,0.000000,bottom
"U28","EL817S1(C)(TU)-VG","Source_U28",16.212000,10.368000,0.000000,bottom
"U34","SN74LVC14APWR","TSSOP-14_4.4x5mm_P0.65mm",57.212000,42.368000,0.000000,bottom
"U35","SN74LVC08APWR","TSSOP-14_4.4x5mm_P0.65mm",67.212000,34.868000,0.000000,bottom
"U36","SN74LVC86APWR","TSSOP-14_4.4x5mm_P0.65mm",78.212000,31.868000,0.000000,bottom
"U37","SN74LVC08APWR","TSSOP-14_4.4x5mm_P0.65mm",62.212000,16.368000,0.000000,bottom
"U38","SN74LVC32APWR","TSSOP-14_4.4x5mm_P0.65mm",86.212000,31.868000,0.000000,bottom
"U39","SN74LVC08APWR","TSSOP-14_4.4x5mm_P0.65mm",92.212000,39.868000,90.000000,bottom
"U40","SN74LVC74APWR","TSSOP-14_4.4x5mm_P0.65mm",48.212000,42.368000,0.000000,bottom
"U41","TLV803EA30DBZR","SOT-23",67.212000,8.868000,0.000000,bottom
"U42","SN74LVC14APWR","TSSOP-14_4.4x5mm_P0.65mm",34.212000,43.368000,90.000000,bottom
"U43","EL817S1(C)(TU)-VG","Source_U3",77.212000,25.868000,0.000000,bottom
"U44","TLV803EA43DBZR","SOT-23",77.462000,15.618000,0.000000,bottom
"BZ1","KLJ-9650-5Y","KLJ_9650_5Y",83.962000,39.618000,0.000000,top
"C26","100nF 50V","C_0603_1608Metric",82.212000,27.868000,-90.000000,top
"C30","100nF 50V","C_0603_1608Metric",51.712000,40.868000,0.000000,top
"C35","100nF 50V","C_0603_1608Metric",58.212000,62.618000,0.000000,top
"C36","100nF 50V","C_0603_1608Metric",76.712000,45.618000,0.000000,top
"D1","SS36-E3/57T","D_SMB",26.712000,54.868000,90.000000,top
"D8","SMBJ26A","D_SMB",21.212000,48.368000,0.000000,top
"D15","TPD2E2U06DRLR","SOT-553",13.212000,49.368000,0.000000,top
"F1","1A fast","Source_F1",19.212000,53.868000,0.000000,top
"R57","10k","R_0603_1608Metric",56.212000,60.118000,0.000000,top
"R58","10k","R_0603_1608Metric",62.212000,62.618000,180.000000,top
"R59","100R","R_0603_1608Metric",44.712000,41.868000,90.000000,top
"R60","10k","R_0603_1608Metric",63.962000,60.118000,0.000000,top
"R61","100R","R_0603_1608Metric",15.962000,50.868000,0.000000,top
"R62","100R","R_0603_1608Metric",15.962000,48.868000,0.000000,top
"U45","TPS3431SDRBR","Texas_DRB0008A",60.212000,59.868000,0.000000,top
