DevKit_pin,native_pin_name,PCB_net,status
1,3V3,+3V3,实际连接
2,3V3,+3V3,实际连接
3,EN,MCU_RESET_N,实际连接
4,GPIO4_STEP,MCU_STEP,实际连接
5,GPIO5_DIR,MCU_DIR,实际连接
6,GPIO6_ARM,MCU_RUN_ENABLE,实际连接
7,GPIO7_LO,LIM_LO_SENSE,实际连接
8,GPIO15_LC,LIM_LC_SENSE,实际连接
9,GPIO16_RC,LIM_RC_SENSE,实际连接
10,GPIO17_RO,LIM_RO_SENSE,实际连接
11,GPIO18_ESTOP,ESTOP_SENSE,实际连接
12,GPIO8_ALM,MOTOR_ALM,实际连接
13,GPIO3_STRAP,unconnected-(U2-GPIO3_STRAP-Pad13),保留/未接
14,GPIO46_STRAP,unconnected-(U2-GPIO46_STRAP-Pad14),保留/未接
15,GPIO9_SDA,I2C_SDA,实际连接
16,GPIO10_SCL,I2C_SCL,实际连接
17,GPIO11_OPEN,BTN_OPEN,实际连接
18,GPIO12_STOP,STOP_FAULT,实际连接
19,GPIO13_CLOSE,BTN_CLOSE,实际连接
20,GPIO14_BUZZ,BUZZER,实际连接
21,5V,+5V_MCU,实际连接
22,GND,GND,实际连接
23,GND,GND,实际连接
24,GND,GND,实际连接
25,GPIO19_USB,unconnected-(U2-GPIO19_USB-Pad25),保留/未接
26,GPIO20_USB,unconnected-(U2-GPIO20_USB-Pad26),保留/未接
27,GPIO21_FUNC_LED,MCU_FUNC_LED,实际连接
28,GPIO47,MCU_WDI,实际连接
29,GPIO48,unconnected-(U2-GPIO48-Pad29),保留/未接
30,GPIO45_STRAP,unconnected-(U2-GPIO45_STRAP-Pad30),保留/未接
31,GPIO0_BOOT,unconnected-(U2-GPIO0_BOOT-Pad31),保留/未接
32,GPIO35_PSRAM,unconnected-(U2-GPIO35_PSRAM-Pad32),保留/未接
33,GPIO36_PSRAM,unconnected-(U2-GPIO36_PSRAM-Pad33),保留/未接
34,GPIO37_PSRAM,unconnected-(U2-GPIO37_PSRAM-Pad34),保留/未接
35,GPIO38,unconnected-(U2-GPIO38-Pad35),保留/未接
36,GPIO39,unconnected-(U2-GPIO39-Pad36),保留/未接
37,GPIO40,unconnected-(U2-GPIO40-Pad37),保留/未接
38,GPIO41,unconnected-(U2-GPIO41-Pad38),保留/未接
39,GPIO42,unconnected-(U2-GPIO42-Pad39),保留/未接
40,GPIO2_FUNC_BTN,FUNC_BTN_N,实际连接
41,GPIO1_ARM,MCU_RUN_LATCH,实际连接
42,GPIO44_RX,unconnected-(U2-GPIO44_RX-Pad42),保留/未接
43,GPIO43_TX,unconnected-(U2-GPIO43_TX-Pad43),保留/未接
44,GND,GND,实际连接
