原UUID,网络,层,起点nm,终点nm,线宽mm,长度mm,严格小于0.15mm,真实同网接触对象,处置,理由,对应新UUID,核验
23b4802e-0978-42b5-8336-f9ffa1a7399d,MOTOR_ALM_RAW,F.Cu,"[182461900, 122688600]","[182373100, 122688600]",0.25,0.0888,True,c1113e37-1346-4bd6-a153-ecde9f8cf4a0;ca3df976-bdbb-4f4a-8337-d68475efbbf9,保留,保留实际过孔接入/中心顶点；不能仅凭同网铜覆盖删除,23b4802e-0978-42b5-8336-f9ffa1a7399d,Native DRC + all469-pad actual-copper + whole-net branches PASS; source 7d6288a3e79992e387e95aa80c018b5a480a0d5dae67df03d6c3de5389c8f986
757b94a5-eb23-46f8-9f4f-627ebb9db571,MOTOR_ALM_RAW,F.Cu,"[170069600, 96930000]","[170124600, 96985000]",0.25,0.07778174593052022,True,12da6c3a-35d3-4014-8d04-0d309d01d238;215dbb78-92ea-447b-9a04-2f8bae670ba7,保留,保留既有支路/局部扇出顶点；本轮不移动该控制链接入点,757b94a5-eb23-46f8-9f4f-627ebb9db571,Native DRC + all469-pad actual-copper + whole-net branches PASS; source 7d6288a3e79992e387e95aa80c018b5a480a0d5dae67df03d6c3de5389c8f986
0932575c-21a3-416a-ae1c-e068dac7e1f4,GND,F.Cu,"[150075000, 75550000]","[150000000, 75550000]",0.2,0.075,True,327b8240-1985-481a-8778-6359a1c37b63;9b699425-d7f7-494b-afab-d4e42dfa5612;fb31cee5-37a3-42bd-965a-ec840838be8f;zone:c01578f8-8a4e-4df5-a4c4-96ed90fa3483,保留,保留实际过孔接入/中心顶点；不能仅凭同网铜覆盖删除,0932575c-21a3-416a-ae1c-e068dac7e1f4,Native DRC + all469-pad actual-copper + whole-net branches PASS; source 7d6288a3e79992e387e95aa80c018b5a480a0d5dae67df03d6c3de5389c8f986
c4296307-ef78-46da-b753-26aacfd21ad5,GND,F.Cu,"[169288000, 88998000]","[169288000, 88948000]",0.25,0.05,True,91ad7203-4755-4ab3-9df2-1d31121950f3;d640b319-915d-4378-a1f1-00331a07739e;e0f7bbf9-aa9e-4064-9a60-4e52cb9352ec;zone:c01578f8-8a4e-4df5-a4c4-96ed90fa3483,保留,保留实际过孔接入/中心顶点；不能仅凭同网铜覆盖删除,c4296307-ef78-46da-b753-26aacfd21ad5,Native DRC + all469-pad actual-copper + whole-net branches PASS; source 7d6288a3e79992e387e95aa80c018b5a480a0d5dae67df03d6c3de5389c8f986
f2a2447b-3d9f-4118-8437-3b68aa812919,GND,F.Cu,"[125100000, 92000000]","[125100000, 92037500]",0.2,0.0375,True,zone:c01578f8-8a4e-4df5-a4c4-96ed90fa3483,保留,保留连通铜颈/地桥；短段不是独立孤岛,f2a2447b-3d9f-4118-8437-3b68aa812919,Native DRC + all469-pad actual-copper + whole-net branches PASS; source 7d6288a3e79992e387e95aa80c018b5a480a0d5dae67df03d6c3de5389c8f986
05a8b31c-d794-4e52-a306-b7a6d58ba9bf,GND,B.Cu,"[125300000, 91900000]","[125200000, 91900000]",0.2,0.1,True,58f84ce4-c2bc-4ead-9d10-9a370d5272b4;77ab9ccf-92df-45fb-aebe-4e78ea2700a8;ca8cb55c-143e-4ce5-975c-2d4add2e105b;e55d5662-dc89-4517-a47b-debe14fe9b08;zone:79196056-2275-4fac-b5e1-27bb194b3d8d,保留,保留实际过孔接入/中心顶点；不能仅凭同网铜覆盖删除,05a8b31c-d794-4e52-a306-b7a6d58ba9bf,Native DRC + all469-pad actual-copper + whole-net branches PASS; source 7d6288a3e79992e387e95aa80c018b5a480a0d5dae67df03d6c3de5389c8f986
25f8dbb6-cc8c-40f1-ba83-ba5fa9cb93c8,GND,B.Cu,"[171900000, 102700000]","[171900000, 102600000]",0.2,0.1,True,16bbfaf0-eb0f-45df-a569-46389b35f129;3617070a-7251-4fd1-8f20-b57ce78b1f4e;88024217-357b-4c65-9c03-e1ee81e26d61;a9af68d4-05aa-4e1a-82ff-57114e96bac2;b13311c2-efd6-459d-9ae3-cf5a590e55ae;fcdc0189-8ffa-4f44-99ea-0891aca093d6;zone:79196056-2275-4fac-b5e1-27bb194b3d8d,保留,保留实际过孔接入/中心顶点；不能仅凭同网铜覆盖删除,25f8dbb6-cc8c-40f1-ba83-ba5fa9cb93c8,Native DRC + all469-pad actual-copper + whole-net branches PASS; source 7d6288a3e79992e387e95aa80c018b5a480a0d5dae67df03d6c3de5389c8f986
3617070a-7251-4fd1-8f20-b57ce78b1f4e,GND,B.Cu,"[172000000, 102800000]","[171900000, 102700000]",0.2,0.14142135623730953,True,25f8dbb6-cc8c-40f1-ba83-ba5fa9cb93c8;88024217-357b-4c65-9c03-e1ee81e26d61;b13311c2-efd6-459d-9ae3-cf5a590e55ae;fcdc0189-8ffa-4f44-99ea-0891aca093d6;zone:79196056-2275-4fac-b5e1-27bb194b3d8d,保留,保留实际过孔接入/中心顶点；不能仅凭同网铜覆盖删除,3617070a-7251-4fd1-8f20-b57ce78b1f4e,Native DRC + all469-pad actual-copper + whole-net branches PASS; source 7d6288a3e79992e387e95aa80c018b5a480a0d5dae67df03d6c3de5389c8f986
497b2aac-0a92-400e-a9e8-5ba2eb779fa3,GND,B.Cu,"[160000000, 128800000]","[159900000, 128699999]",0.2,0.14142206334585844,True,2b524d5d-43c0-42ec-804e-8e7d29100955;cde3b669-db35-4c99-8009-1447fd3f1ef9;zone:79196056-2275-4fac-b5e1-27bb194b3d8d,保留,保留连通铜颈/地桥；短段不是独立孤岛,497b2aac-0a92-400e-a9e8-5ba2eb779fa3,Native DRC + all469-pad actual-copper + whole-net branches PASS; source 7d6288a3e79992e387e95aa80c018b5a480a0d5dae67df03d6c3de5389c8f986
58f84ce4-c2bc-4ead-9d10-9a370d5272b4,GND,B.Cu,"[125200000, 91900000]","[125100000, 92000000]",0.2,0.14142135623730953,True,05a8b31c-d794-4e52-a306-b7a6d58ba9bf;77ab9ccf-92df-45fb-aebe-4e78ea2700a8;ca8cb55c-143e-4ce5-975c-2d4add2e105b;e55d5662-dc89-4517-a47b-debe14fe9b08;zone:79196056-2275-4fac-b5e1-27bb194b3d8d,保留,保留实际过孔接入/中心顶点；不能仅凭同网铜覆盖删除,58f84ce4-c2bc-4ead-9d10-9a370d5272b4,Native DRC + all469-pad actual-copper + whole-net branches PASS; source 7d6288a3e79992e387e95aa80c018b5a480a0d5dae67df03d6c3de5389c8f986
ac76845d-c59b-4b7b-a979-f2f2adeabeb6,GND,B.Cu,"[173100000, 113200000]","[173000000, 113300000]",0.2,0.14142135623730953,True,3361ca4a-4d8b-4ec1-9046-464ca4feb43d;ec80b607-27a5-4fe2-bf6b-a7d3e2923a6a;fc55b980-3709-4e6e-802d-5b14873c45ec;zone:79196056-2275-4fac-b5e1-27bb194b3d8d,保留,保留连通铜颈/地桥；短段不是独立孤岛,ac76845d-c59b-4b7b-a979-f2f2adeabeb6,Native DRC + all469-pad actual-copper + whole-net branches PASS; source 7d6288a3e79992e387e95aa80c018b5a480a0d5dae67df03d6c3de5389c8f986
b13311c2-efd6-459d-9ae3-cf5a590e55ae,GND,B.Cu,"[171900000, 102600000]","[171800000, 102500000]",0.2,0.14142135623730953,True,16bbfaf0-eb0f-45df-a569-46389b35f129;25f8dbb6-cc8c-40f1-ba83-ba5fa9cb93c8;3617070a-7251-4fd1-8f20-b57ce78b1f4e;88024217-357b-4c65-9c03-e1ee81e26d61;a9af68d4-05aa-4e1a-82ff-57114e96bac2;zone:79196056-2275-4fac-b5e1-27bb194b3d8d,保留,保留实际过孔接入/中心顶点；不能仅凭同网铜覆盖删除,b13311c2-efd6-459d-9ae3-cf5a590e55ae,Native DRC + all469-pad actual-copper + whole-net branches PASS; source 7d6288a3e79992e387e95aa80c018b5a480a0d5dae67df03d6c3de5389c8f986
b51ff302-358b-457f-bde1-e5eb6cbf405c,GND,B.Cu,"[141400000, 104404500]","[141400000, 104318500]",0.25,0.086,True,77bd79dd-3e65-4316-a7be-6ff24f524022;8791b138-e74c-4dd1-91bd-0e2c28d4b29a;zone:79196056-2275-4fac-b5e1-27bb194b3d8d,保留,保留连通铜颈/地桥；短段不是独立孤岛,b51ff302-358b-457f-bde1-e5eb6cbf405c,Native DRC + all469-pad actual-copper + whole-net branches PASS; source 7d6288a3e79992e387e95aa80c018b5a480a0d5dae67df03d6c3de5389c8f986
de19437b-3319-41de-a1c0-0e97e50b445e,GND,B.Cu,"[102538000, 86598000]","[102488000, 86548000]",0.25,0.07071067811865477,True,14ed1a3c-896d-450f-9e6e-fca27e2c40a2;690e1911-6b12-405e-bac3-c8977799114b;zone:79196056-2275-4fac-b5e1-27bb194b3d8d,保留,保留实际过孔接入/中心顶点；不能仅凭同网铜覆盖删除,de19437b-3319-41de-a1c0-0e97e50b445e,Native DRC + all469-pad actual-copper + whole-net branches PASS; source 7d6288a3e79992e387e95aa80c018b5a480a0d5dae67df03d6c3de5389c8f986
e0d82fab-51b3-4122-8eb6-c890ecc7d8f8,GND,B.Cu,"[139101000, 94375600]","[139101000, 94287200]",0.25,0.0884,True,4373e7de-840d-4205-9171-6e0f1b1d2ec5;c6429c33-88df-4e30-842f-8fdefb04bc17;zone:79196056-2275-4fac-b5e1-27bb194b3d8d,保留,保留连通铜颈/地桥；短段不是独立孤岛,e0d82fab-51b3-4122-8eb6-c890ecc7d8f8,Native DRC + all469-pad actual-copper + whole-net branches PASS; source 7d6288a3e79992e387e95aa80c018b5a480a0d5dae67df03d6c3de5389c8f986
fb7fd0a6-257a-4837-814d-e5e6580e3881,GND,B.Cu,"[132400000, 115200000]","[132500000, 115300000]",0.2,0.14142135623730953,True,94b5af8c-1cf9-4268-98f4-b013925669eb;R55.2;zone:79196056-2275-4fac-b5e1-27bb194b3d8d,保留,保留焊盘接入或焊盘内宽度过渡；位号/针网见接触证据,fb7fd0a6-257a-4837-814d-e5e6580e3881,Native DRC + all469-pad actual-copper + whole-net branches PASS; source 7d6288a3e79992e387e95aa80c018b5a480a0d5dae67df03d6c3de5389c8f986
1fadc572-175b-494b-ab0f-feb719311aea,+24V_CTRL,F.Cu,"[163600000, 90500000]","[163700000, 90400000]",0.25,0.14142135623730953,True,36d8c74b-79fe-4782-8368-32de8295c25b;b48c90e8-8d33-4270-9372-1178ae6ba824;c92ad875-463e-4373-b9dd-a9ab3e3d776c,保留,保留实际过孔接入/中心顶点；不能仅凭同网铜覆盖删除,1fadc572-175b-494b-ab0f-feb719311aea,Native DRC + all469-pad actual-copper + whole-net branches PASS; source 7d6288a3e79992e387e95aa80c018b5a480a0d5dae67df03d6c3de5389c8f986
72e88936-4047-4cce-a6b5-d4727d411a90,+24V_CTRL,F.Cu,"[155214300, 99463000]","[155200000, 99500000]",0.25,0.03966724089220222,True,3e9c5133-95a4-4a6b-9844-477336e6d6e0;db9e66c7-88d9-4d66-a608-33635bf4a480;dc1d502d-e590-4600-93b1-4d8701a8b83f,保留,保留实际过孔接入/中心顶点；不能仅凭同网铜覆盖删除,72e88936-4047-4cce-a6b5-d4727d411a90,Native DRC + all469-pad actual-copper + whole-net branches PASS; source 7d6288a3e79992e387e95aa80c018b5a480a0d5dae67df03d6c3de5389c8f986
8cafa29d-9760-471c-b35b-d06fc95f8a17,+24V_CTRL,F.Cu,"[110353400, 89904200]","[110254200, 89904200]",0.25,0.0992,True,cf0115e2-7827-41d0-94c7-e848383ac6e5;fb00ba1c-cd71-4b70-a1e5-080a069c17a0,保留,保留实际过孔接入/中心顶点；不能仅凭同网铜覆盖删除,8cafa29d-9760-471c-b35b-d06fc95f8a17,Native DRC + all469-pad actual-copper + whole-net branches PASS; source 7d6288a3e79992e387e95aa80c018b5a480a0d5dae67df03d6c3de5389c8f986
c92ad875-463e-4373-b9dd-a9ab3e3d776c,+24V_CTRL,F.Cu,"[163500000, 90500000]","[163600000, 90500000]",0.25,0.1,True,1fadc572-175b-494b-ab0f-feb719311aea;36d8c74b-79fe-4782-8368-32de8295c25b;b48c90e8-8d33-4270-9372-1178ae6ba824,保留,保留实际过孔接入/中心顶点；不能仅凭同网铜覆盖删除,c92ad875-463e-4373-b9dd-a9ab3e3d776c,Native DRC + all469-pad actual-copper + whole-net branches PASS; source 7d6288a3e79992e387e95aa80c018b5a480a0d5dae67df03d6c3de5389c8f986
e32afcc0-4950-40fc-907d-7f54b1f3960a,+24V_CTRL,F.Cu,"[175500000, 80300000]","[175600000, 80400000]",0.25,0.14142135623730953,True,527d9306-1957-43bc-afad-db7e4185ebad;889984e1-6314-45b4-931f-f40141a0b1c0,保留,保留实际过孔接入/中心顶点；不能仅凭同网铜覆盖删除,e32afcc0-4950-40fc-907d-7f54b1f3960a,Native DRC + all469-pad actual-copper + whole-net branches PASS; source 7d6288a3e79992e387e95aa80c018b5a480a0d5dae67df03d6c3de5389c8f986
158b2c3d-6822-4a35-a238-37ee544177c0,+24V_CTRL,B.Cu,"[163400000, 90700000]","[163500000, 90600000]",0.25,0.14142135623730953,True,36d8c74b-79fe-4782-8368-32de8295c25b;982e3476-576b-4d94-a28d-94b8ca32f8f9;ea9532a2-de8e-441c-8883-5204c281582f,保留,保留实际过孔接入/中心顶点；不能仅凭同网铜覆盖删除,158b2c3d-6822-4a35-a238-37ee544177c0,Native DRC + all469-pad actual-copper + whole-net branches PASS; source 7d6288a3e79992e387e95aa80c018b5a480a0d5dae67df03d6c3de5389c8f986
16124c60-4938-47bd-8ec6-d9bed5226469,+24V_CTRL,B.Cu,"[173200000, 83900000]","[173100000, 84000000]",0.25,0.14142135623730953,True,07c3fa77-1f02-4064-99ce-4efe1975720f;833a6a02-2794-4648-907b-99d8c334277b;c47d30e1-42a6-4492-b396-f49dae8a6835;dda9f687-8bc2-469d-afd9-2064c4b9d581,保留,保留实际过孔接入/中心顶点；不能仅凭同网铜覆盖删除,16124c60-4938-47bd-8ec6-d9bed5226469,Native DRC + all469-pad actual-copper + whole-net branches PASS; source 7d6288a3e79992e387e95aa80c018b5a480a0d5dae67df03d6c3de5389c8f986
40d1ed69-153e-49ea-9ecf-50cbf725129a,+24V_CTRL,B.Cu,"[178700000, 100000000]","[178800000, 100100000]",0.25,0.14142135623730953,True,7377dd55-d36b-48ee-9725-90341aead0c4;845d68a0-a3e1-4e12-8b71-1b514f83080c;91f4e95c-e907-4487-bed5-cf0323b5af5e,保留,保留实际过孔接入/中心顶点；不能仅凭同网铜覆盖删除,40d1ed69-153e-49ea-9ecf-50cbf725129a,Native DRC + all469-pad actual-copper + whole-net branches PASS; source 7d6288a3e79992e387e95aa80c018b5a480a0d5dae67df03d6c3de5389c8f986
572874c2-5c2b-4f15-8986-e54190c66ac3,+24V_CTRL,B.Cu,"[178800000, 101100000]","[178700000, 101000000]",0.25,0.14142135623730953,True,6d6c0a28-5362-4861-a717-6ef750dfa94e;845d68a0-a3e1-4e12-8b71-1b514f83080c,保留,保留实际过孔接入/中心顶点；不能仅凭同网铜覆盖删除,572874c2-5c2b-4f15-8986-e54190c66ac3,Native DRC + all469-pad actual-copper + whole-net branches PASS; source 7d6288a3e79992e387e95aa80c018b5a480a0d5dae67df03d6c3de5389c8f986
5fa8d6e1-ba33-4841-a4ec-9df13008bf78,+24V_CTRL,B.Cu,"[177900000, 102200000]","[178000000, 102200000]",0.25,0.1,True,7ddd3062-5189-4c70-ab08-2fc6ddffee94;e9770249-8965-4484-a1ab-6163b39bc9de;ee259528-d0ea-43f1-8473-bf25f7df1b24,保留,保留实际过孔接入/中心顶点；不能仅凭同网铜覆盖删除,5fa8d6e1-ba33-4841-a4ec-9df13008bf78,Native DRC + all469-pad actual-copper + whole-net branches PASS; source 7d6288a3e79992e387e95aa80c018b5a480a0d5dae67df03d6c3de5389c8f986
78bcf2a1-ad5f-4215-bfe5-d63b6164f500,+24V_CTRL,B.Cu,"[160742500, 113597700]","[160742500, 113597600]",0.25,0.0001,True,15641630-53a5-4b22-be55-7c56dbbffce5,保留,保留既有支路/局部扇出顶点；本轮不移动该控制链接入点,78bcf2a1-ad5f-4215-bfe5-d63b6164f500,Native DRC + all469-pad actual-copper + whole-net branches PASS; source 7d6288a3e79992e387e95aa80c018b5a480a0d5dae67df03d6c3de5389c8f986
833a6a02-2794-4648-907b-99d8c334277b,+24V_CTRL,B.Cu,"[173100000, 83900000]","[173000000, 84000000]",0.25,0.14142135623730953,True,07c3fa77-1f02-4064-99ce-4efe1975720f;16124c60-4938-47bd-8ec6-d9bed5226469;c47d30e1-42a6-4492-b396-f49dae8a6835;dda9f687-8bc2-469d-afd9-2064c4b9d581,保留,保留实际过孔接入/中心顶点；不能仅凭同网铜覆盖删除,833a6a02-2794-4648-907b-99d8c334277b,Native DRC + all469-pad actual-copper + whole-net branches PASS; source 7d6288a3e79992e387e95aa80c018b5a480a0d5dae67df03d6c3de5389c8f986
982e3476-576b-4d94-a28d-94b8ca32f8f9,+24V_CTRL,B.Cu,"[163500000, 90600000]","[163500000, 90500000]",0.25,0.1,True,158b2c3d-6822-4a35-a238-37ee544177c0;36d8c74b-79fe-4782-8368-32de8295c25b;ea9532a2-de8e-441c-8883-5204c281582f,保留,保留实际过孔接入/中心顶点；不能仅凭同网铜覆盖删除,982e3476-576b-4d94-a28d-94b8ca32f8f9,Native DRC + all469-pad actual-copper + whole-net branches PASS; source 7d6288a3e79992e387e95aa80c018b5a480a0d5dae67df03d6c3de5389c8f986
91279451-e03e-4ff5-8d03-3e8825d5ef88,+5V_MCU_FEED,F.Cu,"[114688000, 89548000]","[114688000, 89683000]",0.2,0.135,True,9ea7d7a4-518b-4780-9549-f23eb6226236;e5ba0e7d-fd61-49c2-bc91-30cea61d55a8,保留,保留既有支路/局部扇出顶点；本轮不移动该控制链接入点,91279451-e03e-4ff5-8d03-3e8825d5ef88,Native DRC + all469-pad actual-copper + whole-net branches PASS; source 7d6288a3e79992e387e95aa80c018b5a480a0d5dae67df03d6c3de5389c8f986
d191ca1d-8384-4ddc-a372-e5482acd10c1,+5V_MCU_FEED,F.Cu,"[114015000, 90133000]","[113988000, 90160000]",0.5,0.03818376618407357,True,5e2cbd26-1e12-4d8f-900c-ba10658ad4b1;e5ba0e7d-fd61-49c2-bc91-30cea61d55a8;ec6e4ae4-762b-4ce8-8d13-c28e49307653,保留,保留实际过孔接入/中心顶点；不能仅凭同网铜覆盖删除,d191ca1d-8384-4ddc-a372-e5482acd10c1,Native DRC + all469-pad actual-copper + whole-net branches PASS; source 7d6288a3e79992e387e95aa80c018b5a480a0d5dae67df03d6c3de5389c8f986
32acb500-6960-4540-b105-b67a3e0bf091,+5V_MCU,F.Cu,"[106038000, 100248000]","[106148000, 100248000]",0.8,0.11,True,26eb6f01-6a04-430b-9391-f6d1ae5ce2bd;9733877b-55ac-4781-bad5-d219f13dbb99;d149c2ae-bf6b-4eff-ad2a-2c806ba36b6a,保留,保留实际过孔接入/中心顶点；不能仅凭同网铜覆盖删除,32acb500-6960-4540-b105-b67a3e0bf091,Native DRC + all469-pad actual-copper + whole-net branches PASS; source 7d6288a3e79992e387e95aa80c018b5a480a0d5dae67df03d6c3de5389c8f986
ef988310-428f-403e-bc2a-e17b1c099b3b,+5V_MCU,F.Cu,"[102338000, 99048000]","[102438000, 99148000]",0.4,0.14142135623730953,True,42255401-c735-49db-a1a7-ddd427bebc60;dd029998-c46b-4a0b-ad01-375935e520e2,保留,保留既有支路/局部扇出顶点；本轮不移动该控制链接入点,ef988310-428f-403e-bc2a-e17b1c099b3b,Native DRC + all469-pad actual-copper + whole-net branches PASS; source 7d6288a3e79992e387e95aa80c018b5a480a0d5dae67df03d6c3de5389c8f986
0a8ac515-0824-48ff-bd8e-f71dc9531bb0,+5V_MCU,B.Cu,"[106300000, 100400000]","[106190000, 100400000]",1.0,0.11,True,26eb6f01-6a04-430b-9391-f6d1ae5ce2bd;6c74cdab-5788-451b-9029-372977cd2a07;c20621d0-495d-4785-a189-a41b0b470fa6,保留,保留实际过孔接入/中心顶点；不能仅凭同网铜覆盖删除,0a8ac515-0824-48ff-bd8e-f71dc9531bb0,Native DRC + all469-pad actual-copper + whole-net branches PASS; source 7d6288a3e79992e387e95aa80c018b5a480a0d5dae67df03d6c3de5389c8f986
8f76ac53-b95d-453a-9bcd-49af881cbbf5,+5V_MCU,B.Cu,"[106038000, 103738000]","[106100000, 103800000]",0.6,0.0876812408671319,True,4e006049-5ae3-43c1-8da7-219b3909c4c4;bf018c11-410c-4f04-837b-e76b1a17bf81,保留,保留既有支路/局部扇出顶点；本轮不移动该控制链接入点,8f76ac53-b95d-453a-9bcd-49af881cbbf5,Native DRC + all469-pad actual-copper + whole-net branches PASS; source 7d6288a3e79992e387e95aa80c018b5a480a0d5dae67df03d6c3de5389c8f986
a614109e-6255-4974-9479-3549552d311d,+5V_MCU,B.Cu,"[100388000, 88298000]","[100338000, 88348000]",1.0,0.07071067811865477,True,4bc93f5b-7c19-436b-9bee-2ec5eedc62d0;854bb28c-0217-4ece-ae21-108bf9b6e1e6,保留,保留实际过孔接入/中心顶点；不能仅凭同网铜覆盖删除,a614109e-6255-4974-9479-3549552d311d,Native DRC + all469-pad actual-copper + whole-net branches PASS; source 7d6288a3e79992e387e95aa80c018b5a480a0d5dae67df03d6c3de5389c8f986
a815a8ad-6168-4bea-817f-48a123fdadfc,+5V_MCU,B.Cu,"[97788000, 97098000]","[97788000, 97148000]",0.4,0.05,True,cf670826-1e2b-427a-a893-c63470bf5bb5;e4da5303-16cb-4ba6-bf68-6b01e50b3c27,保留,保留实际过孔接入/中心顶点；不能仅凭同网铜覆盖删除,a815a8ad-6168-4bea-817f-48a123fdadfc,Native DRC + all469-pad actual-copper + whole-net branches PASS; source 7d6288a3e79992e387e95aa80c018b5a480a0d5dae67df03d6c3de5389c8f986
fb26dfda-e9eb-4b66-9226-8e9c92f8378b,+5V_MCU,B.Cu,"[106100000, 104600000]","[106200000, 104700000]",0.5,0.14142135623730953,True,4e006049-5ae3-43c1-8da7-219b3909c4c4;58dc4184-b4e4-4944-8f1d-92a2b96edde1,保留,保留实际过孔接入/中心顶点；不能仅凭同网铜覆盖删除,fb26dfda-e9eb-4b66-9226-8e9c92f8378b,Native DRC + all469-pad actual-copper + whole-net branches PASS; source 7d6288a3e79992e387e95aa80c018b5a480a0d5dae67df03d6c3de5389c8f986
fd79a5aa-1919-4341-b818-1472fa15632a,FUNC_BTN_RET,F.Cu,"[155413000, 75548000]","[155488000, 75548000]",0.2,0.075,True,2598e473-06c1-4324-b42b-22b89bd0f1aa;c0e75a56-a39b-44fd-a3de-b0c159d3eb9b,保留,保留既有支路/局部扇出顶点；本轮不移动该控制链接入点,fd79a5aa-1919-4341-b818-1472fa15632a,Native DRC + all469-pad actual-copper + whole-net branches PASS; source 7d6288a3e79992e387e95aa80c018b5a480a0d5dae67df03d6c3de5389c8f986
b55da151-e2bc-423c-aac0-4c57342bb027,+5V_BUZ,B.Cu,"[185163000, 94998000]","[185163000, 95023000]",0.25,0.025,True,4fcb96cc-ee46-4c9a-8981-eb1dc503409e;78df4f3d-5267-4396-af39-084b5e3714a5,保留,保留既有支路/局部扇出顶点；本轮不移动该控制链接入点,b55da151-e2bc-423c-aac0-4c57342bb027,Native DRC + all469-pad actual-copper + whole-net branches PASS; source 7d6288a3e79992e387e95aa80c018b5a480a0d5dae67df03d6c3de5389c8f986
6636e7e2-8f2e-42dc-85d3-e621316cd4ed,+5V_CTRL,F.Cu,"[127284400, 129459400]","[127359900, 129534900]",0.25,0.10677312395916867,True,52f40b89-57da-48d7-8525-807dc492db62;5471fe5f-ec70-4f62-ac4a-80cd8a113b8d;ac607ef3-f0d1-467a-80c2-5e5c21c0289a,保留,保留实际过孔接入/中心顶点；不能仅凭同网铜覆盖删除,6636e7e2-8f2e-42dc-85d3-e621316cd4ed,Native DRC + all469-pad actual-copper + whole-net branches PASS; source 7d6288a3e79992e387e95aa80c018b5a480a0d5dae67df03d6c3de5389c8f986
0fef3bae-a821-4f4e-b07a-2dd774e22c17,+5V_CTRL,B.Cu,"[115600000, 88200000]","[115700000, 88100000]",0.35,0.14142135623730953,True,a755d159-3c04-48c9-a7c5-4435d27cb213;f3be3313-9711-425e-a20e-9957f6d4b456,保留,保留实际过孔接入/中心顶点；不能仅凭同网铜覆盖删除,0fef3bae-a821-4f4e-b07a-2dd774e22c17,Native DRC + all469-pad actual-copper + whole-net branches PASS; source 7d6288a3e79992e387e95aa80c018b5a480a0d5dae67df03d6c3de5389c8f986
4876f309-0831-40fb-a330-19133a9a3b7d,+5V_CTRL,B.Cu,"[105600000, 89400000]","[105700000, 89500000]",0.35,0.14142135623730953,True,3520524c-f440-4aba-8568-cfe5e7f4af3a;36ab10ac-d3b0-4b00-aaa2-bc941ca10fe2,保留,保留实际过孔接入/中心顶点；不能仅凭同网铜覆盖删除,4876f309-0831-40fb-a330-19133a9a3b7d,Native DRC + all469-pad actual-copper + whole-net branches PASS; source 7d6288a3e79992e387e95aa80c018b5a480a0d5dae67df03d6c3de5389c8f986
4f27e814-c51e-4262-9fce-c01dc7b48a29,+5V_CTRL,B.Cu,"[131400000, 113000000]","[131400000, 113100000]",0.2,0.1,True,7e015176-3104-44f2-ab7a-65edd6f50a69;R54.1,保留,保留焊盘接入或焊盘内宽度过渡；位号/针网见接触证据,4f27e814-c51e-4262-9fce-c01dc7b48a29,Native DRC + all469-pad actual-copper + whole-net branches PASS; source 7d6288a3e79992e387e95aa80c018b5a480a0d5dae67df03d6c3de5389c8f986
92b786fc-2c68-4b5f-a95a-2c5cb8800dd2,+5V_CTRL,B.Cu,"[122202600, 81443300]","[122283700, 81524400]",0.25,0.114692719908458,True,058efb7d-dd32-42c2-b81d-f567cec1d132;d687d928-a799-4f5c-b48f-65af99be252e,保留,保留实际过孔接入/中心顶点；不能仅凭同网铜覆盖删除,92b786fc-2c68-4b5f-a95a-2c5cb8800dd2,Native DRC + all469-pad actual-copper + whole-net branches PASS; source 7d6288a3e79992e387e95aa80c018b5a480a0d5dae67df03d6c3de5389c8f986
d5209ada-0feb-4777-af15-dba0e949dc3e,+5V_CTRL,B.Cu,"[168800000, 121500000]","[168700000, 121400000]",0.2,0.14142135623730953,True,863cda95-5088-4f4c-9302-c023b3d99dfc;U44.3;e303e524-8ac9-4bf9-8ffe-e624852452d4,保留,保留焊盘接入或焊盘内宽度过渡；位号/针网见接触证据,d5209ada-0feb-4777-af15-dba0e949dc3e,Native DRC + all469-pad actual-copper + whole-net branches PASS; source 7d6288a3e79992e387e95aa80c018b5a480a0d5dae67df03d6c3de5389c8f986
409ce3ed-c5a9-498e-b15c-03f2e19e9ac0,+3V3,F.Cu,"[160000000, 103900000]","[160000000, 104000000]",0.2,0.1,True,0e484792-8327-4f72-a855-261bad140129;42c90d83-483e-4a91-a65b-181fe703d15d,保留,保留实际过孔接入/中心顶点；不能仅凭同网铜覆盖删除,409ce3ed-c5a9-498e-b15c-03f2e19e9ac0,Native DRC + all469-pad actual-copper + whole-net branches PASS; source 7d6288a3e79992e387e95aa80c018b5a480a0d5dae67df03d6c3de5389c8f986
4e7e5f84-1345-4294-93c1-5dbafc86eb7c,+3V3,F.Cu,"[165900000, 98800000]","[166000000, 98700000]",0.2,0.14142135623730953,True,9d495da9-6505-474e-87e5-1a3adf779691;f1832a8b-ca0e-404c-986a-9f9be79e1ee7,保留,保留实际过孔接入/中心顶点；不能仅凭同网铜覆盖删除,4e7e5f84-1345-4294-93c1-5dbafc86eb7c,Native DRC + all469-pad actual-copper + whole-net branches PASS; source 7d6288a3e79992e387e95aa80c018b5a480a0d5dae67df03d6c3de5389c8f986
600919c6-d98d-4e60-8495-05c7b78512c2,+3V3,F.Cu,"[152613000, 77873000]","[152613000, 77973000]",0.2,0.1,True,380aea10-4f74-47a7-84c7-fc015ce04341;9775670b-a311-4eb5-9e09-a64b907d1be8,保留,保留既有支路/局部扇出顶点；本轮不移动该控制链接入点,600919c6-d98d-4e60-8495-05c7b78512c2,Native DRC + all469-pad actual-copper + whole-net branches PASS; source 7d6288a3e79992e387e95aa80c018b5a480a0d5dae67df03d6c3de5389c8f986
8f8cc759-6fa4-4615-b35b-71db7b3762d3,+3V3,F.Cu,"[164906600, 102346200]","[164900000, 102300000]",0.2,0.04666904755831214,True,9fcba95e-acbf-434a-b4bc-58e5a17b2949;b2522285-ca8d-45bf-b18a-d99957c7a5d3;e7a4f55a-a702-40ee-9788-032d0009f2a2,保留,保留既有支路/局部扇出顶点；本轮不移动该控制链接入点,8f8cc759-6fa4-4615-b35b-71db7b3762d3,Native DRC + all469-pad actual-copper + whole-net branches PASS; source 7d6288a3e79992e387e95aa80c018b5a480a0d5dae67df03d6c3de5389c8f986
9038f1d4-21f3-42c9-84d2-aa53f4fec96c,+3V3,F.Cu,"[171638000, 107698000]","[171638000, 107748000]",0.25,0.05,True,70460b1a-2429-4fdc-a032-e6d0351c5704;C26.1;a58c8185-67e4-42d7-9319-242444d22b75;a8f81ede-f404-4932-a8b5-89aba393d24f,保留,保留焊盘接入或焊盘内宽度过渡；位号/针网见接触证据,9038f1d4-21f3-42c9-84d2-aa53f4fec96c,Native DRC + all469-pad actual-copper + whole-net branches PASS; source 7d6288a3e79992e387e95aa80c018b5a480a0d5dae67df03d6c3de5389c8f986
96aee235-7578-4771-b9a8-e8510be60373,+3V3,F.Cu,"[157163000, 78248000]","[157138000, 78248000]",0.2,0.025,True,35bc2ac5-e2f3-47c5-81f6-5f8ec69dc73f;c56be162-5d9a-4c6b-9d3b-adb172a4c7c7,保留,保留既有支路/局部扇出顶点；本轮不移动该控制链接入点,96aee235-7578-4771-b9a8-e8510be60373,Native DRC + all469-pad actual-copper + whole-net branches PASS; source 7d6288a3e79992e387e95aa80c018b5a480a0d5dae67df03d6c3de5389c8f986
9d395a76-01e9-46fd-9abe-c514d21d9e72,+3V3,F.Cu,"[184000000, 97300000]","[183950000, 97300000]",0.2,0.05,True,57667c6a-913c-49d6-aac2-0111d3506f03;6d07b80f-495c-4d50-9232-9e2f1ee04b89,保留,保留实际过孔接入/中心顶点；不能仅凭同网铜覆盖删除,9d395a76-01e9-46fd-9abe-c514d21d9e72,Native DRC + all469-pad actual-copper + whole-net branches PASS; source 7d6288a3e79992e387e95aa80c018b5a480a0d5dae67df03d6c3de5389c8f986
9fcba95e-acbf-434a-b4bc-58e5a17b2949,+3V3,F.Cu,"[164900000, 102300000]","[165000000, 102200000]",0.2,0.14142135623730953,True,8f8cc759-6fa4-4615-b35b-71db7b3762d3;b2522285-ca8d-45bf-b18a-d99957c7a5d3;e7a4f55a-a702-40ee-9788-032d0009f2a2;f4a74621-cd2f-4841-be76-8a4f3e06a184,保留,保留实际过孔接入/中心顶点；不能仅凭同网铜覆盖删除,9fcba95e-acbf-434a-b4bc-58e5a17b2949,Native DRC + all469-pad actual-copper + whole-net branches PASS; source 7d6288a3e79992e387e95aa80c018b5a480a0d5dae67df03d6c3de5389c8f986
a58c8185-67e4-42d7-9319-242444d22b75,+3V3,F.Cu,"[171638000, 107748000]","[171663000, 107773000]",0.2,0.03535533905932738,True,70460b1a-2429-4fdc-a032-e6d0351c5704;9038f1d4-21f3-42c9-84d2-aa53f4fec96c;C26.1;a8f81ede-f404-4932-a8b5-89aba393d24f,保留,保留焊盘接入或焊盘内宽度过渡；位号/针网见接触证据,a58c8185-67e4-42d7-9319-242444d22b75,Native DRC + all469-pad actual-copper + whole-net branches PASS; source 7d6288a3e79992e387e95aa80c018b5a480a0d5dae67df03d6c3de5389c8f986
a8f81ede-f404-4932-a8b5-89aba393d24f,+3V3,F.Cu,"[171638000, 107698000]","[171588000, 107598000]",0.25,0.11180339887498948,True,70460b1a-2429-4fdc-a032-e6d0351c5704;9038f1d4-21f3-42c9-84d2-aa53f4fec96c;C26.1;a58c8185-67e4-42d7-9319-242444d22b75,保留,保留焊盘接入或焊盘内宽度过渡；位号/针网见接触证据,a8f81ede-f404-4932-a8b5-89aba393d24f,Native DRC + all469-pad actual-copper + whole-net branches PASS; source 7d6288a3e79992e387e95aa80c018b5a480a0d5dae67df03d6c3de5389c8f986
c56be162-5d9a-4c6b-9d3b-adb172a4c7c7,+3V3,F.Cu,"[157138000, 78248000]","[157038000, 78348000]",0.2,0.14142135623730953,True,2871043b-ef41-488f-a3ba-5f7dfd2d0fe0;35bc2ac5-e2f3-47c5-81f6-5f8ec69dc73f;96aee235-7578-4771-b9a8-e8510be60373,保留,保留实际过孔接入/中心顶点；不能仅凭同网铜覆盖删除,c56be162-5d9a-4c6b-9d3b-adb172a4c7c7,Native DRC + all469-pad actual-copper + whole-net branches PASS; source 7d6288a3e79992e387e95aa80c018b5a480a0d5dae67df03d6c3de5389c8f986
e7a4f55a-a702-40ee-9788-032d0009f2a2,+3V3,F.Cu,"[165000000, 102200000]","[165000000, 102100000]",0.2,0.1,True,8f8cc759-6fa4-4615-b35b-71db7b3762d3;9fcba95e-acbf-434a-b4bc-58e5a17b2949;b2522285-ca8d-45bf-b18a-d99957c7a5d3;f4a74621-cd2f-4841-be76-8a4f3e06a184,保留,保留实际过孔接入/中心顶点；不能仅凭同网铜覆盖删除,e7a4f55a-a702-40ee-9788-032d0009f2a2,Native DRC + all469-pad actual-copper + whole-net branches PASS; source 7d6288a3e79992e387e95aa80c018b5a480a0d5dae67df03d6c3de5389c8f986
efdda208-0935-4184-8867-6f684d25cd04,+3V3,F.Cu,"[151526800, 96674600]","[151544100, 96674600]",0.25,0.0173,True,4c1dc68b-b440-464a-9741-030d51330873;780b78dc-fe09-493c-a2a2-68549a83f9ae,保留,保留既有支路/局部扇出顶点；本轮不移动该控制链接入点,efdda208-0935-4184-8867-6f684d25cd04,Native DRC + all469-pad actual-copper + whole-net branches PASS; source 7d6288a3e79992e387e95aa80c018b5a480a0d5dae67df03d6c3de5389c8f986
06cf5808-9894-4087-90d0-1c36fbef4615,+3V3,B.Cu,"[119388800, 112000000]","[119388800, 112001100]",0.25,0.0011,True,d3f20c79-8f2e-46dd-9c79-3de2164547c2,保留,保留既有支路/局部扇出顶点；本轮不移动该控制链接入点,06cf5808-9894-4087-90d0-1c36fbef4615,Native DRC + all469-pad actual-copper + whole-net branches PASS; source 7d6288a3e79992e387e95aa80c018b5a480a0d5dae67df03d6c3de5389c8f986
1f338b02-fe09-4ff3-966a-1d94c914e3d8,+3V3,B.Cu,"[171000000, 107000000]","[170900000, 106900000]",0.2,0.14142135623730953,True,6d7f38f6-c42c-4725-a55a-be36128bc7df;934fcae7-4678-4ee3-aa11-7d616201b72d;U36.14,保留,保留实际过孔接入/中心顶点；不能仅凭同网铜覆盖删除,1f338b02-fe09-4ff3-966a-1d94c914e3d8,Native DRC + all469-pad actual-copper + whole-net branches PASS; source 7d6288a3e79992e387e95aa80c018b5a480a0d5dae67df03d6c3de5389c8f986
4ec35689-2339-4022-8b14-d08a56f5e3c4,+3V3,B.Cu,"[166000000, 98700000]","[166000000, 98800000]",0.2,0.1,True,9d495da9-6505-474e-87e5-1a3adf779691;dbb3aa69-642b-4c53-a353-c24830552109,保留,保留实际过孔接入/中心顶点；不能仅凭同网铜覆盖删除,4ec35689-2339-4022-8b14-d08a56f5e3c4,Native DRC + all469-pad actual-copper + whole-net branches PASS; source 7d6288a3e79992e387e95aa80c018b5a480a0d5dae67df03d6c3de5389c8f986
645afeee-3c22-4b80-b560-8d73451ec251,+3V3,B.Cu,"[162900000, 102300000]","[162900000, 102200000]",0.2,0.1,True,6b2f5dfa-9bd3-4995-9c69-43c24ed15c43;C25.1;a34e112d-a17d-4066-8e4c-e929b9171a0e;afd9eb9e-a5cf-426c-875c-b359f9a62b7b;cae7ee93-5f38-4765-b44b-d3a79d7fddfb,保留,保留实际过孔接入/中心顶点；不能仅凭同网铜覆盖删除,645afeee-3c22-4b80-b560-8d73451ec251,Native DRC + all469-pad actual-copper + whole-net branches PASS; source 7d6288a3e79992e387e95aa80c018b5a480a0d5dae67df03d6c3de5389c8f986
797c1d70-94ea-488b-8a3e-fda61ecfb7f2,+3V3,B.Cu,"[142937600, 93096100]","[142937600, 93123300]",0.25,0.0272,True,62cc0253-3d85-46a4-b9eb-3de9fa0fc014;8877ccf5-df42-4e6f-9aab-00e6f58aaf97,保留,保留实际过孔接入/中心顶点；不能仅凭同网铜覆盖删除,797c1d70-94ea-488b-8a3e-fda61ecfb7f2,Native DRC + all469-pad actual-copper + whole-net branches PASS; source 7d6288a3e79992e387e95aa80c018b5a480a0d5dae67df03d6c3de5389c8f986
8ab343fd-f4b8-4f7b-87fc-ed01947274fe,+3V3,B.Cu,"[160000000, 104000000]","[159900000, 103900000]",0.2,0.14142135623730953,True,0e484792-8327-4f72-a855-261bad140129;61994c5d-6044-4d3d-925d-aa6939311a62;U35.14;e57b7f79-12c1-45db-bfb1-c977d826d1f4,保留,保留实际过孔接入/中心顶点；不能仅凭同网铜覆盖删除,8ab343fd-f4b8-4f7b-87fc-ed01947274fe,Native DRC + all469-pad actual-copper + whole-net branches PASS; source 7d6288a3e79992e387e95aa80c018b5a480a0d5dae67df03d6c3de5389c8f986
c1756b58-270e-45c3-8502-fc9101305fa9,+3V3,B.Cu,"[134162600, 95800000]","[134074400, 95800000]",0.25,0.0882,True,a0c3c827-73cf-4dae-85cb-fdd7c8af5bea;ced023c0-a152-4308-96d6-de8e21be6bb8;e58157b2-5961-4932-8f81-78c77c6e50c0,保留,保留既有支路/局部扇出顶点；本轮不移动该控制链接入点,c1756b58-270e-45c3-8502-fc9101305fa9,Native DRC + all469-pad actual-copper + whole-net branches PASS; source 7d6288a3e79992e387e95aa80c018b5a480a0d5dae67df03d6c3de5389c8f986
cbc734f7-84f9-4027-bee1-0d16122a12ec,+3V3,B.Cu,"[159263000, 78748000]","[159288000, 78773000]",0.2,0.03535533905932738,True,741f385d-0f8e-4de0-b13e-ade7ea038f45,保留,保留既有支路/局部扇出顶点；本轮不移动该控制链接入点,cbc734f7-84f9-4027-bee1-0d16122a12ec,Native DRC + all469-pad actual-copper + whole-net branches PASS; source 7d6288a3e79992e387e95aa80c018b5a480a0d5dae67df03d6c3de5389c8f986
ed4ec4c2-5d5c-411e-958e-b0e00cea5599,+3V3,B.Cu,"[179300000, 107100000]","[179200000, 107000000]",0.2,0.14142135623730953,True,066d4d5d-ef73-4903-82cc-9640a574e8ec;9c2d4e6e-542d-4c2a-93e1-b6332e9c26ae;U38.14;f383190b-c0fa-4369-aa0f-aca109426e94,保留,保留焊盘接入或焊盘内宽度过渡；位号/针网见接触证据,ed4ec4c2-5d5c-411e-958e-b0e00cea5599,Native DRC + all469-pad actual-copper + whole-net branches PASS; source 7d6288a3e79992e387e95aa80c018b5a480a0d5dae67df03d6c3de5389c8f986
f383190b-c0fa-4369-aa0f-aca109426e94,+3V3,B.Cu,"[179400000, 107100000]","[179300000, 107100000]",0.2,0.1,True,066d4d5d-ef73-4903-82cc-9640a574e8ec;U38.14;ed4ec4c2-5d5c-411e-958e-b0e00cea5599,保留,保留焊盘接入或焊盘内宽度过渡；位号/针网见接触证据,f383190b-c0fa-4369-aa0f-aca109426e94,Native DRC + all469-pad actual-copper + whole-net branches PASS; source 7d6288a3e79992e387e95aa80c018b5a480a0d5dae67df03d6c3de5389c8f986
fe21c7bb-ea6f-43c6-b3e2-1e3b45280f84,+3V3,B.Cu,"[183900000, 102800000]","[184000000, 102800000]",0.2,0.1,True,354ec5f6-2497-4137-83ff-c34165ac683e;c8ef948b-66f7-4398-ab51-e502dd574593,保留,保留实际过孔接入/中心顶点；不能仅凭同网铜覆盖删除,fe21c7bb-ea6f-43c6-b3e2-1e3b45280f84,Native DRC + all469-pad actual-copper + whole-net branches PASS; source 7d6288a3e79992e387e95aa80c018b5a480a0d5dae67df03d6c3de5389c8f986
99e0b6d7-de07-4ec5-b0b3-ea6059ab85bd,I2C_SDA_EXT,F.Cu,"[102588000, 87948000]","[102738000, 87948000]",0.2,0.15,False,818278af-d712-4ec6-b91a-e6446be9aa16;D15.3,保留,保留焊盘接入或焊盘内宽度过渡；位号/针网见接触证据,99e0b6d7-de07-4ec5-b0b3-ea6059ab85bd,Native DRC + all469-pad actual-copper + whole-net branches PASS; source 7d6288a3e79992e387e95aa80c018b5a480a0d5dae67df03d6c3de5389c8f986
45c22665-6d64-42aa-928a-f7177d98e0d8,I2C_SDA,B.Cu,"[117613000, 94173000]","[117488000, 94173000]",0.2,0.125,True,,移除/重布,原绕行/碎段随局部网络重布或共线覆盖合并移除；全网支路由独立铜几何核验,4e2a135d-29b9-5c93-97c1-197169d99547;3d67e8e4-7640-5a43-bf4a-e931a89657ba;e4b7c0dd-51ab-5654-ae63-e18df2026b07,Native DRC + all469-pad actual-copper + whole-net branches PASS; source 7d6288a3e79992e387e95aa80c018b5a480a0d5dae67df03d6c3de5389c8f986
58a950d2-a469-404a-8eff-afbc6298fc3b,I2C_SDA,B.Cu,"[105088000, 91598000]","[105088000, 91698000]",0.2,0.1,True,3d67e8e4-7640-5a43-bf4a-e931a89657ba;4e2a135d-29b9-5c93-97c1-197169d99547;7a97cdaa-f1af-4543-a09b-2139509679fa;R31.2;e4b7c0dd-51ab-5654-ae63-e18df2026b07,移除/重布,原绕行/碎段随局部网络重布或共线覆盖合并移除；全网支路由独立铜几何核验,4e2a135d-29b9-5c93-97c1-197169d99547;3d67e8e4-7640-5a43-bf4a-e931a89657ba;e4b7c0dd-51ab-5654-ae63-e18df2026b07,Native DRC + all469-pad actual-copper + whole-net branches PASS; source 7d6288a3e79992e387e95aa80c018b5a480a0d5dae67df03d6c3de5389c8f986
7f535ada-2679-4cf3-bcb3-63da7786afa3,MCU_RESET_N,F.Cu,"[101338000, 88498000]","[101338000, 88648000]",0.2,0.15,False,21b4c1aa-23aa-4b04-b3bb-1daefca362dd;6c5b8d8b-abb4-49e5-9f40-c34c29a092fe,保留,保留实际过孔接入/中心顶点；不能仅凭同网铜覆盖删除,7f535ada-2679-4cf3-bcb3-63da7786afa3,Native DRC + all469-pad actual-copper + whole-net branches PASS; source 7d6288a3e79992e387e95aa80c018b5a480a0d5dae67df03d6c3de5389c8f986
c18e6482-3220-4cf6-a4a6-9e264b9eb42a,MCU_RESET_N,F.Cu,"[101488000, 85398000]","[101338000, 85398000]",0.2,0.15,False,eb6f4115-d95c-4742-a650-e3e10df4b46d;fca9805f-e606-48ae-9f9c-502294b59445,保留,保留实际过孔接入/中心顶点；不能仅凭同网铜覆盖删除,c18e6482-3220-4cf6-a4a6-9e264b9eb42a,Native DRC + all469-pad actual-copper + whole-net branches PASS; source 7d6288a3e79992e387e95aa80c018b5a480a0d5dae67df03d6c3de5389c8f986
264af06e-f3e8-4810-81d9-600c38d01dba,MCU_RESET_N,B.Cu,"[146838000, 78298000]","[146788000, 78348000]",0.2,0.07071067811865477,True,9752d59f-cf2a-4720-8294-7b072a611fed;baa7e99e-2d8d-48d0-be57-d4fca37c803a,保留,保留实际过孔接入/中心顶点；不能仅凭同网铜覆盖删除,264af06e-f3e8-4810-81d9-600c38d01dba,Native DRC + all469-pad actual-copper + whole-net branches PASS; source 7d6288a3e79992e387e95aa80c018b5a480a0d5dae67df03d6c3de5389c8f986
80c57798-04d2-455d-80af-9c19b2bdfee4,LIM_RC_SENSE,B.Cu,"[134016300, 115371200]","[134016200, 115371200]",0.25,0.0001,True,1181aea3-93a4-4228-8220-a27c904b2564;2837fb3c-d881-4f45-8665-fa878230be57,保留,保留既有支路/局部扇出顶点；本轮不移动该控制链接入点,80c57798-04d2-455d-80af-9c19b2bdfee4,Native DRC + all469-pad actual-copper + whole-net branches PASS; source 7d6288a3e79992e387e95aa80c018b5a480a0d5dae67df03d6c3de5389c8f986
0d222b51-001d-4d6c-bcb2-86d65ab25370,STOP_FAULT,B.Cu,"[135962600, 118150400]","[135962700, 118150400]",0.25,0.0001,True,4a45617e-f720-49a6-869c-9307921b0bdd;5fa3e0a2-9430-4d08-892e-d1a24f29e0b3;beff4fac-ef8b-47ba-91ab-07ddbc0d2308,保留,保留实际过孔接入/中心顶点；不能仅凭同网铜覆盖删除,0d222b51-001d-4d6c-bcb2-86d65ab25370,Native DRC + all469-pad actual-copper + whole-net branches PASS; source 7d6288a3e79992e387e95aa80c018b5a480a0d5dae67df03d6c3de5389c8f986
4a45617e-f720-49a6-869c-9307921b0bdd,STOP_FAULT,B.Cu,"[135907600, 118095400]","[135962600, 118150400]",0.25,0.07778174593052022,True,0d222b51-001d-4d6c-bcb2-86d65ab25370;5fa3e0a2-9430-4d08-892e-d1a24f29e0b3;beff4fac-ef8b-47ba-91ab-07ddbc0d2308,保留,保留实际过孔接入/中心顶点；不能仅凭同网铜覆盖删除,4a45617e-f720-49a6-869c-9307921b0bdd,Native DRC + all469-pad actual-copper + whole-net branches PASS; source 7d6288a3e79992e387e95aa80c018b5a480a0d5dae67df03d6c3de5389c8f986
90c29fae-75ab-4857-bbea-0ed52913643f,BTN_CLOSE,F.Cu,"[163693900, 121201600]","[163746700, 121201600]",0.25,0.0528,True,18b8f25a-5ddc-45ea-8093-e1d2f6dea3f2;47001fc5-2e7d-4850-8fd3-67dcc80ad255,保留,保留实际过孔接入/中心顶点；不能仅凭同网铜覆盖删除,90c29fae-75ab-4857-bbea-0ed52913643f,Native DRC + all469-pad actual-copper + whole-net branches PASS; source 7d6288a3e79992e387e95aa80c018b5a480a0d5dae67df03d6c3de5389c8f986
00e6038e-fe75-450f-9fda-89fe53bab34c,BUZZER,F.Cu,"[175069600, 115944100]","[174966200, 115944100]",0.25,0.1034,True,73f1bb50-bba1-4d0a-8d73-5bce6a4adc05;8c57546d-7931-4319-abfb-f6f01d5796a2;b795d9d2-3c49-48cd-9fe5-3e3a94059622,保留,保留实际过孔接入/中心顶点；不能仅凭同网铜覆盖删除,00e6038e-fe75-450f-9fda-89fe53bab34c,Native DRC + all469-pad actual-copper + whole-net branches PASS; source 7d6288a3e79992e387e95aa80c018b5a480a0d5dae67df03d6c3de5389c8f986
b795d9d2-3c49-48cd-9fe5-3e3a94059622,BUZZER,F.Cu,"[175150500, 116025000]","[175069600, 115944100]",0.25,0.11440987719598339,True,00e6038e-fe75-450f-9fda-89fe53bab34c;73f1bb50-bba1-4d0a-8d73-5bce6a4adc05;8c57546d-7931-4319-abfb-f6f01d5796a2,保留,保留实际过孔接入/中心顶点；不能仅凭同网铜覆盖删除,b795d9d2-3c49-48cd-9fe5-3e3a94059622,Native DRC + all469-pad actual-copper + whole-net branches PASS; source 7d6288a3e79992e387e95aa80c018b5a480a0d5dae67df03d6c3de5389c8f986
0518a507-5f5b-4282-abbc-2241430aae97,MCU_WDI,F.Cu,"[137638000, 94998000]","[137663000, 94973000]",0.2,0.03535533905932738,True,07f2c03c-eb41-4296-9478-a8bba0ae27b1,保留,保留既有支路/局部扇出顶点；本轮不移动该控制链接入点,0518a507-5f5b-4282-abbc-2241430aae97,Native DRC + all469-pad actual-copper + whole-net branches PASS; source 7d6288a3e79992e387e95aa80c018b5a480a0d5dae67df03d6c3de5389c8f986
a75dfc04-520a-4383-81fd-5e187f92ffe2,MCU_WDI,B.Cu,"[137663000, 94973000]","[137613000, 95023000]",0.2,0.07071067811865477,True,e5600496-ed51-4470-9f46-327c57529ce3;f156a2e4-4e6a-4e58-97f4-fa9eb122a850,保留,保留实际过孔接入/中心顶点；不能仅凭同网铜覆盖删除,a75dfc04-520a-4383-81fd-5e187f92ffe2,Native DRC + all469-pad actual-copper + whole-net branches PASS; source 7d6288a3e79992e387e95aa80c018b5a480a0d5dae67df03d6c3de5389c8f986
ec1c247a-613a-4769-9f31-3f4b6aa76681,MCU_WDI,B.Cu,"[137563000, 96523000]","[137613000, 96398000]",0.2,0.1346291201783626,True,a5f52884-1b03-4bcd-ad77-686448a8ecb0;f156a2e4-4e6a-4e58-97f4-fa9eb122a850,保留,保留既有支路/局部扇出顶点；本轮不移动该控制链接入点,ec1c247a-613a-4769-9f31-3f4b6aa76681,Native DRC + all469-pad actual-copper + whole-net branches PASS; source 7d6288a3e79992e387e95aa80c018b5a480a0d5dae67df03d6c3de5389c8f986
3099c7ad-8e18-4e22-b90c-ece94262bef3,WDI,F.Cu,"[150538000, 78998000]","[150613000, 78948000]",0.2,0.09013878188659973,True,367dbc2f-8113-443a-a469-a2fd8c0ffbfb;52e5cca2-2955-4069-9782-4d57cd278886;a9b2da60-3f45-4b06-a640-22ab601cd7ac;d7af4ef1-0a29-4b06-bea5-e158b9b6828a;e040f31b-2283-450c-9cb7-a4204e96917b,保留,保留实际过孔接入/中心顶点；不能仅凭同网铜覆盖删除,3099c7ad-8e18-4e22-b90c-ece94262bef3,Native DRC + all469-pad actual-copper + whole-net branches PASS; source 7d6288a3e79992e387e95aa80c018b5a480a0d5dae67df03d6c3de5389c8f986
349bb0bf-2a27-4c08-a6d9-844fdb0fdca6,WDI,F.Cu,"[150913000, 79048000]","[150788000, 79048000]",0.2,0.125,True,367dbc2f-8113-443a-a469-a2fd8c0ffbfb;a9b2da60-3f45-4b06-a640-22ab601cd7ac;d7af4ef1-0a29-4b06-bea5-e158b9b6828a;e040f31b-2283-450c-9cb7-a4204e96917b,保留,保留实际过孔接入/中心顶点；不能仅凭同网铜覆盖删除,349bb0bf-2a27-4c08-a6d9-844fdb0fdca6,Native DRC + all469-pad actual-copper + whole-net branches PASS; source 7d6288a3e79992e387e95aa80c018b5a480a0d5dae67df03d6c3de5389c8f986
367dbc2f-8113-443a-a469-a2fd8c0ffbfb,WDI,F.Cu,"[150788000, 79048000]","[150763000, 79023000]",0.2,0.03535533905932738,True,3099c7ad-8e18-4e22-b90c-ece94262bef3;349bb0bf-2a27-4c08-a6d9-844fdb0fdca6;a9b2da60-3f45-4b06-a640-22ab601cd7ac;d7af4ef1-0a29-4b06-bea5-e158b9b6828a;e040f31b-2283-450c-9cb7-a4204e96917b,保留,保留实际过孔接入/中心顶点；不能仅凭同网铜覆盖删除,367dbc2f-8113-443a-a469-a2fd8c0ffbfb,Native DRC + all469-pad actual-copper + whole-net branches PASS; source 7d6288a3e79992e387e95aa80c018b5a480a0d5dae67df03d6c3de5389c8f986
a9b2da60-3f45-4b06-a640-22ab601cd7ac,WDI,F.Cu,"[150763000, 79023000]","[150713000, 79023000]",0.2,0.05,True,3099c7ad-8e18-4e22-b90c-ece94262bef3;349bb0bf-2a27-4c08-a6d9-844fdb0fdca6;367dbc2f-8113-443a-a469-a2fd8c0ffbfb;52e5cca2-2955-4069-9782-4d57cd278886;d7af4ef1-0a29-4b06-bea5-e158b9b6828a;e040f31b-2283-450c-9cb7-a4204e96917b,保留,保留实际过孔接入/中心顶点；不能仅凭同网铜覆盖删除,a9b2da60-3f45-4b06-a640-22ab601cd7ac,Native DRC + all469-pad actual-copper + whole-net branches PASS; source 7d6288a3e79992e387e95aa80c018b5a480a0d5dae67df03d6c3de5389c8f986
b557d86b-fd5d-4d3d-9bb5-f6196925f87f,WDI,F.Cu,"[143888000, 88998000]","[143913000, 88973000]",0.2,0.03535533905932738,True,15d02224-30cf-42a2-ac1d-461ea0536abe,保留,保留既有支路/局部扇出顶点；本轮不移动该控制链接入点,b557d86b-fd5d-4d3d-9bb5-f6196925f87f,Native DRC + all469-pad actual-copper + whole-net branches PASS; source 7d6288a3e79992e387e95aa80c018b5a480a0d5dae67df03d6c3de5389c8f986
e040f31b-2283-450c-9cb7-a4204e96917b,WDI,F.Cu,"[150713000, 79023000]","[150688000, 78998000]",0.2,0.03535533905932738,True,3099c7ad-8e18-4e22-b90c-ece94262bef3;349bb0bf-2a27-4c08-a6d9-844fdb0fdca6;367dbc2f-8113-443a-a469-a2fd8c0ffbfb;52e5cca2-2955-4069-9782-4d57cd278886;a9b2da60-3f45-4b06-a640-22ab601cd7ac;d7af4ef1-0a29-4b06-bea5-e158b9b6828a,保留,保留实际过孔接入/中心顶点；不能仅凭同网铜覆盖删除,e040f31b-2283-450c-9cb7-a4204e96917b,Native DRC + all469-pad actual-copper + whole-net branches PASS; source 7d6288a3e79992e387e95aa80c018b5a480a0d5dae67df03d6c3de5389c8f986
378fe9db-5d55-4701-bd7a-8a872a363d22,ALM_SELECT,F.Cu,"[160840700, 105448300]","[160831500, 105439100]",0.25,0.013010764773832475,True,f857aab7-da79-4a77-9a3a-67c975e9e6bb,保留,保留既有支路/局部扇出顶点；本轮不移动该控制链接入点,378fe9db-5d55-4701-bd7a-8a872a363d22,Native DRC + all469-pad actual-copper + whole-net branches PASS; source 7d6288a3e79992e387e95aa80c018b5a480a0d5dae67df03d6c3de5389c8f986
5f4a0e32-1c11-41c9-bde4-97fb2bf86be4,ALM_SELECT,B.Cu,"[144000000, 102863700]","[144043200, 102820500]",0.25,0.061094025894517706,True,43914d92-32b0-4954-a6ec-4404e23bd27b;78dbff25-07af-4fa3-9d10-cf3b00b326a7,保留,保留实际过孔接入/中心顶点；不能仅凭同网铜覆盖删除,5f4a0e32-1c11-41c9-bde4-97fb2bf86be4,Native DRC + all469-pad actual-copper + whole-net branches PASS; source 7d6288a3e79992e387e95aa80c018b5a480a0d5dae67df03d6c3de5389c8f986
67738334-4aae-4c48-88b5-2ea43b4ed62b,ALM_SELECT,B.Cu,"[148792800, 106791400]","[148792900, 106791400]",0.25,0.0001,True,04628cd1-3f78-4956-990c-630bc4665298,保留,保留既有支路/局部扇出顶点；本轮不移动该控制链接入点,67738334-4aae-4c48-88b5-2ea43b4ed62b,Native DRC + all469-pad actual-copper + whole-net branches PASS; source 7d6288a3e79992e387e95aa80c018b5a480a0d5dae67df03d6c3de5389c8f986
98b33f73-4218-440c-aefa-00cda7abd839,ALM_SELECT,B.Cu,"[114888000, 94873000]","[114888000, 94923000]",0.2,0.05,True,68e8cc38-1f48-41c5-bbad-e66098851bb6;8579aebf-c1e5-4ad7-9da0-40f1f5b2f01b,保留,保留实际过孔接入/中心顶点；不能仅凭同网铜覆盖删除,98b33f73-4218-440c-aefa-00cda7abd839,Native DRC + all469-pad actual-copper + whole-net branches PASS; source 7d6288a3e79992e387e95aa80c018b5a480a0d5dae67df03d6c3de5389c8f986
97a91b3f-6ed8-4b51-b8b7-ef33fa3c0472,MOTOR_ENA_N,B.Cu,"[134751900, 123310600]","[134823300, 123310600]",0.25,0.0714,True,2c8be6c5-6bed-4306-9026-4c2f975dbb79;57b96f4d-96ef-405d-bbd1-25f4b62ee7b3,保留,保留实际过孔接入/中心顶点；不能仅凭同网铜覆盖删除,97a91b3f-6ed8-4b51-b8b7-ef33fa3c0472,Native DRC + all469-pad actual-copper + whole-net branches PASS; source 7d6288a3e79992e387e95aa80c018b5a480a0d5dae67df03d6c3de5389c8f986
8d8b205b-bdc6-4d2e-b20a-41549c356898,DISABLE_GATE,B.Cu,"[129028800, 130229300]","[129074800, 130319100]",0.25,0.10089618426878194,True,b7914a54-3725-47fe-bed8-0b97721cc347;da8b5ea3-2de3-474d-82f0-676efb495fce,保留,保留既有支路/局部扇出顶点；本轮不移动该控制链接入点,8d8b205b-bdc6-4d2e-b20a-41549c356898,Native DRC + all469-pad actual-copper + whole-net branches PASS; source 7d6288a3e79992e387e95aa80c018b5a480a0d5dae67df03d6c3de5389c8f986
b77136fe-b7b7-4a4b-bebb-4ee31d69d7ee,FUNC_BTN_LED,B.Cu,"[153100000, 75900000]","[153100000, 76000000]",0.2,0.1,True,D14.1;e3ea03f3-9adc-42ac-97c2-9aa75398e695,保留,保留焊盘接入或焊盘内宽度过渡；位号/针网见接触证据,b77136fe-b7b7-4a4b-bebb-4ee31d69d7ee,Native DRC + all469-pad actual-copper + whole-net branches PASS; source 7d6288a3e79992e387e95aa80c018b5a480a0d5dae67df03d6c3de5389c8f986
2ab359cd-56d1-4348-9901-08a4b0bc46ad,FUNC_BTN_RAW_N,F.Cu,"[169101400, 104460400]","[169091900, 104460400]",0.25,0.0095,True,65ddc5d7-1360-42e1-a405-9ddea2c07e6a,保留,保留既有支路/局部扇出顶点；本轮不移动该控制链接入点,2ab359cd-56d1-4348-9901-08a4b0bc46ad,Native DRC + all469-pad actual-copper + whole-net branches PASS; source 7d6288a3e79992e387e95aa80c018b5a480a0d5dae67df03d6c3de5389c8f986
0cf943c2-8983-4a62-8464-5e7ec36f9330,ESTOP_INTERLOCK,F.Cu,"[137100000, 105500000]","[137145000, 105500000]",0.2,0.045,True,0914736d-b2b8-4dac-ae0e-ba61fbf08215;a90f09d5-44d3-4b60-87e9-0fc3ab861248,保留,保留既有支路/局部扇出顶点；本轮不移动该控制链接入点,0cf943c2-8983-4a62-8464-5e7ec36f9330,Native DRC + all469-pad actual-copper + whole-net branches PASS; source 7d6288a3e79992e387e95aa80c018b5a480a0d5dae67df03d6c3de5389c8f986
73f1331f-aa8b-480d-b387-176aa722c111,ESTOP_INTERLOCK,F.Cu,"[149585400, 101349400]","[149542600, 101306600]",0.25,0.06052834046956847,True,52fe7197-fe8d-4e68-a108-6ed945b62449;6023239c-79ca-4af4-9213-0fb313246f6f,保留,保留既有支路/局部扇出顶点；本轮不移动该控制链接入点,73f1331f-aa8b-480d-b387-176aa722c111,Native DRC + all469-pad actual-copper + whole-net branches PASS; source 7d6288a3e79992e387e95aa80c018b5a480a0d5dae67df03d6c3de5389c8f986
a90f09d5-44d3-4b60-87e9-0fc3ab861248,ESTOP_INTERLOCK,F.Cu,"[137000000, 105400000]","[137100000, 105500000]",0.2,0.14142135623730953,True,0914736d-b2b8-4dac-ae0e-ba61fbf08215;0cf943c2-8983-4a62-8464-5e7ec36f9330;277d63f8-3572-4fc0-836c-724874750bd0,保留,保留实际过孔接入/中心顶点；不能仅凭同网铜覆盖删除,a90f09d5-44d3-4b60-87e9-0fc3ab861248,Native DRC + all469-pad actual-copper + whole-net branches PASS; source 7d6288a3e79992e387e95aa80c018b5a480a0d5dae67df03d6c3de5389c8f986
f52d9787-e62d-4102-bade-ff3aa79dcfbe,ESTOP_INTERLOCK,F.Cu,"[150377600, 100333600]","[150414300, 100370300]",0.25,0.05190163773909259,True,0bc657d5-0e40-46a9-948f-b529f3ff411b;fb5fdd29-f70f-42f9-8c14-605ead3d766b,保留,保留实际过孔接入/中心顶点；不能仅凭同网铜覆盖删除,f52d9787-e62d-4102-bade-ff3aa79dcfbe,Native DRC + all469-pad actual-copper + whole-net branches PASS; source 7d6288a3e79992e387e95aa80c018b5a480a0d5dae67df03d6c3de5389c8f986
f83279cf-09a9-4887-96cf-9cc663d1e316,ESTOP_INTERLOCK,F.Cu,"[123005000, 118460769]","[123000000, 118500000]",0.2,0.039548342076501763,True,f4e20a9d-449f-4952-9e8e-9e760b96a393,保留,保留既有支路/局部扇出顶点；本轮不移动该控制链接入点,f83279cf-09a9-4887-96cf-9cc663d1e316,Native DRC + all469-pad actual-copper + whole-net branches PASS; source 7d6288a3e79992e387e95aa80c018b5a480a0d5dae67df03d6c3de5389c8f986
61d70cfb-f66d-4f8b-bf51-002364685a44,ESTOP_INTERLOCK,B.Cu,"[112463000, 127383700]","[112463000, 127257900]",0.25,0.1258,True,f2097245-057e-489f-b91d-a0aff627360d;fb117fa5-abdc-47dc-8a3c-116289365bdc,保留,保留实际过孔接入/中心顶点；不能仅凭同网铜覆盖删除,61d70cfb-f66d-4f8b-bf51-002364685a44,Native DRC + all469-pad actual-copper + whole-net branches PASS; source 7d6288a3e79992e387e95aa80c018b5a480a0d5dae67df03d6c3de5389c8f986
d68032fe-0f70-44a1-825b-4718bfd4f188,RUN_CLR_N,F.Cu,"[173615800, 96459600]","[173689500, 96533300]",0.25,0.1042275395468971,True,9e418840-51ff-4df0-a812-283e5e6114f4;a1c88f06-1db0-4374-8b85-03fd80773c3d,保留,保留既有支路/局部扇出顶点；本轮不移动该控制链接入点,d68032fe-0f70-44a1-825b-4718bfd4f188,Native DRC + all469-pad actual-copper + whole-net branches PASS; source 7d6288a3e79992e387e95aa80c018b5a480a0d5dae67df03d6c3de5389c8f986
ce1d31aa-fcf8-47eb-a9ad-0c54bf0a56df,ARM_CLK,F.Cu,"[132100000, 117900000]","[132199999, 118000000]",0.2,0.1414206491322961,True,3957f512-7bcf-4a1f-b228-177d04abae13;52cf6921-6434-41da-97f3-cd9d4993fa41;8cc08991-bb6b-43a7-b1f4-a22013f3f138;fd589374-f68e-4208-8554-02b2e9cf0a11,保留,保留实际过孔接入/中心顶点；不能仅凭同网铜覆盖删除,ce1d31aa-fcf8-47eb-a9ad-0c54bf0a56df,Native DRC + all469-pad actual-copper + whole-net branches PASS; source 7d6288a3e79992e387e95aa80c018b5a480a0d5dae67df03d6c3de5389c8f986
fd589374-f68e-4208-8554-02b2e9cf0a11,ARM_CLK,F.Cu,"[132199999, 118000000]","[132156900, 118033200]",0.2,0.05440371127965444,True,3957f512-7bcf-4a1f-b228-177d04abae13;52cf6921-6434-41da-97f3-cd9d4993fa41;8cc08991-bb6b-43a7-b1f4-a22013f3f138;ce1d31aa-fcf8-47eb-a9ad-0c54bf0a56df,保留,保留实际过孔接入/中心顶点；不能仅凭同网铜覆盖删除,fd589374-f68e-4208-8554-02b2e9cf0a11,Native DRC + all469-pad actual-copper + whole-net branches PASS; source 7d6288a3e79992e387e95aa80c018b5a480a0d5dae67df03d6c3de5389c8f986
26520163-dd1b-4a5a-bfe9-305592c29e35,ARM_CLK,B.Cu,"[132175000, 118051300]","[132156900, 118033200]",0.25,0.02559726547895302,True,52cf6921-6434-41da-97f3-cd9d4993fa41;85f29c9c-712c-4df4-98bb-3a50c1b73441,保留,保留实际过孔接入/中心顶点；不能仅凭同网铜覆盖删除,26520163-dd1b-4a5a-bfe9-305592c29e35,Native DRC + all469-pad actual-copper + whole-net branches PASS; source 7d6288a3e79992e387e95aa80c018b5a480a0d5dae67df03d6c3de5389c8f986
a533fc7b-969c-4528-87cf-369c02db8603,ARM_CLK,B.Cu,"[117000000, 111100000]","[117100000, 111100000]",0.2,0.1,True,4b78b880-4341-4bf8-9817-57ef7df8ad5b;800b6c77-d06c-477b-ac82-7266db7e7e11,保留,保留实际过孔接入/中心顶点；不能仅凭同网铜覆盖删除,a533fc7b-969c-4528-87cf-369c02db8603,Native DRC + all469-pad actual-copper + whole-net branches PASS; source 7d6288a3e79992e387e95aa80c018b5a480a0d5dae67df03d6c3de5389c8f986
29d629c0-edd3-448b-83cb-40814124b287,RUN_LATCH_Q,B.Cu,"[148389800, 97793800]","[148424300, 97828300]",0.25,0.04879036790187178,True,2d49bdef-a847-4f31-b16b-074eee32cf56;a6e9a6dc-e16d-44fb-927a-8116b2e0ca26,保留,保留实际过孔接入/中心顶点；不能仅凭同网铜覆盖删除,29d629c0-edd3-448b-83cb-40814124b287,Native DRC + all469-pad actual-copper + whole-net branches PASS; source 7d6288a3e79992e387e95aa80c018b5a480a0d5dae67df03d6c3de5389c8f986
e05d2a64-5c9b-4b26-8550-02f9172f0bbb,LIM_LC_LED,F.Cu,"[119012600, 101778500]","[119012700, 101778500]",0.25,0.0001,True,e2fe06d0-12be-4dcb-aad6-7681136bc8c1,保留,保留既有支路/局部扇出顶点；本轮不移动该控制链接入点,e05d2a64-5c9b-4b26-8550-02f9172f0bbb,Native DRC + all469-pad actual-copper + whole-net branches PASS; source 7d6288a3e79992e387e95aa80c018b5a480a0d5dae67df03d6c3de5389c8f986
bd4a8229-62ae-4016-9de3-99b8b2743d54,LIM_LC_LED,B.Cu,"[118995700, 101761600]","[119012600, 101778500]",0.25,0.023900209204105308,True,68c21ca5-1a75-4742-b485-245fd7f27cc5,保留,保留既有支路/局部扇出顶点；本轮不移动该控制链接入点,bd4a8229-62ae-4016-9de3-99b8b2743d54,Native DRC + all469-pad actual-copper + whole-net branches PASS; source 7d6288a3e79992e387e95aa80c018b5a480a0d5dae67df03d6c3de5389c8f986
4f637254-6c37-4a7b-b1d6-b24d41d80c80,CTRL5_N,B.Cu,"[128400000, 115800000]","[128500000, 115700000]",0.2,0.14142135623730953,True,196b7a32-70fc-4688-9108-039b5fa732c4;b861836e-ac73-4ab8-8300-e91b04620754;c2c8b533-97c4-4f6a-b22f-7e7139e147c6,保留,保留实际过孔接入/中心顶点；不能仅凭同网铜覆盖删除,4f637254-6c37-4a7b-b1d6-b24d41d80c80,Native DRC + all469-pad actual-copper + whole-net branches PASS; source 7d6288a3e79992e387e95aa80c018b5a480a0d5dae67df03d6c3de5389c8f986
b861836e-ac73-4ab8-8300-e91b04620754,CTRL5_N,B.Cu,"[128500000, 115700000]","[128600000, 115700000]",0.2,0.1,True,196b7a32-70fc-4688-9108-039b5fa732c4;4f637254-6c37-4a7b-b1d6-b24d41d80c80;c2c8b533-97c4-4f6a-b22f-7e7139e147c6,保留,保留实际过孔接入/中心顶点；不能仅凭同网铜覆盖删除,b861836e-ac73-4ab8-8300-e91b04620754,Native DRC + all469-pad actual-copper + whole-net branches PASS; source 7d6288a3e79992e387e95aa80c018b5a480a0d5dae67df03d6c3de5389c8f986
ef88283b-1ba4-4e6a-9a33-a2aa0860ffdd,CTRL5_N,B.Cu,"[127700000, 102700000]","[127600000, 102800000]",0.2,0.14142135623730953,True,74f7546e-a2eb-49a7-a9bc-277cba74ca5e;fe1b268f-f285-4312-9b4c-2339fa59369a,保留,保留实际过孔接入/中心顶点；不能仅凭同网铜覆盖删除,ef88283b-1ba4-4e6a-9a33-a2aa0860ffdd,Native DRC + all469-pad actual-copper + whole-net branches PASS; source 7d6288a3e79992e387e95aa80c018b5a480a0d5dae67df03d6c3de5389c8f986
589de6e8-5deb-441e-83ca-5f555fa20cdf,POR_RAW_N,F.Cu,"[148100000, 127700000]","[148000000, 127800000]",0.2,0.14142135623730953,True,1e50d749-443c-4e94-aafa-77d2707f2183;dae26155-42f4-4e8e-9101-3511b2ca6488,保留,保留实际过孔接入/中心顶点；不能仅凭同网铜覆盖删除,589de6e8-5deb-441e-83ca-5f555fa20cdf,Native DRC + all469-pad actual-copper + whole-net branches PASS; source 7d6288a3e79992e387e95aa80c018b5a480a0d5dae67df03d6c3de5389c8f986
01722ca3-3fd7-46d8-9eb2-91cbbf31b125,LIM_RO_LED,B.Cu,"[185350000, 92034200]","[185310600, 92073600]",0.25,0.055720014357499945,True,1dbabe37-5fc4-4a70-9f38-7b1aee857678;a275dacb-c1f3-4c6c-ace1-cf7fa58bb780,保留,保留实际过孔接入/中心顶点；不能仅凭同网铜覆盖删除,01722ca3-3fd7-46d8-9eb2-91cbbf31b125,Native DRC + all469-pad actual-copper + whole-net branches PASS; source 7d6288a3e79992e387e95aa80c018b5a480a0d5dae67df03d6c3de5389c8f986
af77e88c-72d0-4760-ae4f-b6672fdd23c2,LIM_RC_LED,F.Cu,"[161079600, 104871600]","[161122300, 104914300]",0.25,0.06038691911333116,True,2e53b4f4-8814-4494-8e96-cb21f849337b;36b62deb-b44e-454b-97f8-9e3027d9db48,保留,保留既有支路/局部扇出顶点；本轮不移动该控制链接入点,af77e88c-72d0-4760-ae4f-b6672fdd23c2,Native DRC + all469-pad actual-copper + whole-net branches PASS; source 7d6288a3e79992e387e95aa80c018b5a480a0d5dae67df03d6c3de5389c8f986
00d67dbc-9e9d-4735-b04d-471b82ddceac,ALM_BUFFERED,B.Cu,"[160113900, 106082000]","[160047700, 106015800]",0.25,0.0936209378290989,True,ab1aa29c-d64d-441b-ae1e-e2f6302ce302;dbec8674-5956-4104-a262-8a3ef1463e48,保留,保留实际过孔接入/中心顶点；不能仅凭同网铜覆盖删除,00d67dbc-9e9d-4735-b04d-471b82ddceac,Native DRC + all469-pad actual-copper + whole-net branches PASS; source 7d6288a3e79992e387e95aa80c018b5a480a0d5dae67df03d6c3de5389c8f986
70378e0e-7dc0-4660-9256-e227011aaa79,POWER_OK,F.Cu,"[163538400, 87671400]","[163503800, 87636800]",0.25,0.048931789258109086,True,656fb80a-f0e3-46c2-a22f-5c881e27df9e;daba6249-8d5d-4bc3-b5e4-3e6cc6791a4a,保留,保留实际过孔接入/中心顶点；不能仅凭同网铜覆盖删除,70378e0e-7dc0-4660-9256-e227011aaa79,Native DRC + all469-pad actual-copper + whole-net branches PASS; source 7d6288a3e79992e387e95aa80c018b5a480a0d5dae67df03d6c3de5389c8f986
7786bbe9-967f-4382-ab37-94088372934a,POWER_OK,F.Cu,"[181163000, 94373000]","[181088000, 94348000]",0.2,0.07905694150420947,True,d4dea6fc-6db0-49e6-b91f-7e7c1d6c00ea;d886eb56-cd84-4ba6-aecd-b45f058fcd99,保留,保留既有支路/局部扇出顶点；本轮不移动该控制链接入点,7786bbe9-967f-4382-ab37-94088372934a,Native DRC + all469-pad actual-copper + whole-net branches PASS; source 7d6288a3e79992e387e95aa80c018b5a480a0d5dae67df03d6c3de5389c8f986
c6233847-a23b-4861-b41c-23ebaf2ca9d4,POWER_OK,F.Cu,"[168813000, 94098000]","[168888000, 94123000]",0.2,0.07905694150420947,True,260cb1a0-a528-4d91-a61e-b267cd9cd535;ea23ca01-7034-4fae-9973-ae139c928e49,保留,保留既有支路/局部扇出顶点；本轮不移动该控制链接入点,c6233847-a23b-4861-b41c-23ebaf2ca9d4,Native DRC + all469-pad actual-copper + whole-net branches PASS; source 7d6288a3e79992e387e95aa80c018b5a480a0d5dae67df03d6c3de5389c8f986
58729322-338d-4229-ac8c-e78eb4df1275,CTRL5_SENSE,F.Cu,"[117500000, 104900000]","[117500000, 104800000]",0.2,0.1,True,4be02811-340f-4840-a87e-bf34430edf87;706e927d-538f-40ed-a2c3-6665399984d2,保留,保留实际过孔接入/中心顶点；不能仅凭同网铜覆盖删除,58729322-338d-4229-ac8c-e78eb4df1275,Native DRC + all469-pad actual-copper + whole-net branches PASS; source 7d6288a3e79992e387e95aa80c018b5a480a0d5dae67df03d6c3de5389c8f986
d7fa32a3-b081-4524-b916-46700e9aca7b,CTRL5_SENSE,F.Cu,"[123900000, 91400000]","[124000000, 91400000]",0.2,0.1,True,e8be33ea-e2e2-404a-9eb6-e3efb9fa043d;eee2d85b-c846-45fd-b9b6-30a4345448cc,保留,保留实际过孔接入/中心顶点；不能仅凭同网铜覆盖删除,d7fa32a3-b081-4524-b916-46700e9aca7b,Native DRC + all469-pad actual-copper + whole-net branches PASS; source 7d6288a3e79992e387e95aa80c018b5a480a0d5dae67df03d6c3de5389c8f986
0102568d-7312-4976-bebb-a98569f90fb0,CTRL5_SENSE,B.Cu,"[117600000, 104800000]","[117500000, 104900000]",0.2,0.14142135623730953,True,4be02811-340f-4840-a87e-bf34430edf87;9b595e67-f680-4cae-bf2c-4fd6618adbb7,保留,保留实际过孔接入/中心顶点；不能仅凭同网铜覆盖删除,0102568d-7312-4976-bebb-a98569f90fb0,Native DRC + all469-pad actual-copper + whole-net branches PASS; source 7d6288a3e79992e387e95aa80c018b5a480a0d5dae67df03d6c3de5389c8f986
42337833-69df-4731-a30c-3d3a5fd49777,CTRL5_SENSE,B.Cu,"[120900000, 105900000]","[120800000, 106000000]",0.2,0.14142135623730953,True,ab96a838-9d88-4965-88cf-d8eca7fb5e67;e1cec8b5-b6e4-42e7-88b6-684d63253361,保留,保留实际过孔接入/中心顶点；不能仅凭同网铜覆盖删除,42337833-69df-4731-a30c-3d3a5fd49777,Native DRC + all469-pad actual-copper + whole-net branches PASS; source 7d6288a3e79992e387e95aa80c018b5a480a0d5dae67df03d6c3de5389c8f986
97f797c2-ad4c-459b-9152-1885cfc98fbc,ESTOP_OK,F.Cu,"[151658000, 95972900]","[151645800, 95972900]",0.25,0.0122,True,bb7e1a45-5fcd-4b01-827e-6ce68c8ae525,保留,保留既有支路/局部扇出顶点；本轮不移动该控制链接入点,97f797c2-ad4c-459b-9152-1885cfc98fbc,Native DRC + all469-pad actual-copper + whole-net branches PASS; source 7d6288a3e79992e387e95aa80c018b5a480a0d5dae67df03d6c3de5389c8f986
bf9bf2bf-131f-4a78-8186-5713c089cea4,ESTOP_OK,F.Cu,"[159430800, 99396400]","[159485200, 99450800]",0.25,0.07693321779309636,True,7eed96b2-eb64-4887-b099-af65cba4fe07;a17525c4-4da1-44ed-8743-46e2a81ef16c;bcfe4e7c-cd7f-42ea-8d41-e94ed3e8a363;de5792f6-eaac-4a7c-96d5-8aa73259efa3,保留,保留实际过孔接入/中心顶点；不能仅凭同网铜覆盖删除,bf9bf2bf-131f-4a78-8186-5713c089cea4,Native DRC + all469-pad actual-copper + whole-net branches PASS; source 7d6288a3e79992e387e95aa80c018b5a480a0d5dae67df03d6c3de5389c8f986
f15c66fb-4d12-4518-b6ff-b6ed977e3831,ESTOP_OK,F.Cu,"[168588700, 97499200]","[168651300, 97561800]",0.25,0.08852976900455575,True,8cc0bca4-8fcd-4cf9-9a51-2179b0e548d7;a5dbea6e-eadd-4486-ae06-5355297598e0,保留,保留实际过孔接入/中心顶点；不能仅凭同网铜覆盖删除,f15c66fb-4d12-4518-b6ff-b6ed977e3831,Native DRC + all469-pad actual-copper + whole-net branches PASS; source 7d6288a3e79992e387e95aa80c018b5a480a0d5dae67df03d6c3de5389c8f986
28e0c804-6549-4f54-b7ca-9a911da9dd79,ESTOP_OK,B.Cu,"[151533200, 95972800]","[151645800, 95972800]",0.2,0.1126,True,73125eb1-6abe-4570-9d27-a71540bd5cbe;a15a1d94-c120-4c10-a237-1f837d1011c5;e308f89f-5331-45bf-9a46-7d244477114d,保留,保留实际过孔接入/中心顶点；不能仅凭同网铜覆盖删除,28e0c804-6549-4f54-b7ca-9a911da9dd79,Native DRC + all469-pad actual-copper + whole-net branches PASS; source 7d6288a3e79992e387e95aa80c018b5a480a0d5dae67df03d6c3de5389c8f986
e308f89f-5331-45bf-9a46-7d244477114d,ESTOP_OK,B.Cu,"[151645800, 95972800]","[151645800, 95972900]",0.2,0.0001,True,28e0c804-6549-4f54-b7ca-9a911da9dd79;a15a1d94-c120-4c10-a237-1f837d1011c5,保留,保留既有支路/局部扇出顶点；本轮不移动该控制链接入点,e308f89f-5331-45bf-9a46-7d244477114d,Native DRC + all469-pad actual-copper + whole-net branches PASS; source 7d6288a3e79992e387e95aa80c018b5a480a0d5dae67df03d6c3de5389c8f986
93c5f5c3-16a6-4be4-8d3e-b6a5b9f85151,HOLD_ENABLE,B.Cu,"[180700000, 98726500]","[180643200, 98669700]",0.25,0.0803273303427918,True,0c95544d-95dd-4025-85c6-9db70992b42e;f54abe9b-fb81-4894-9a0e-28fde3da0966,保留,保留实际过孔接入/中心顶点；不能仅凭同网铜覆盖删除,93c5f5c3-16a6-4be4-8d3e-b6a5b9f85151,Native DRC + all469-pad actual-copper + whole-net branches PASS; source 7d6288a3e79992e387e95aa80c018b5a480a0d5dae67df03d6c3de5389c8f986
e2f8baf8-d9f0-4277-8110-969bd1df041a,STEP_LATCHED,B.Cu,"[180700000, 95315300]","[180649000, 95366300]",0.25,0.07212489168102784,True,000a4597-74f0-4277-a6cb-cd4848d86493;bfb69be2-fb80-4775-be4b-d7eb0ae44196,保留,保留实际过孔接入/中心顶点；不能仅凭同网铜覆盖删除,e2f8baf8-d9f0-4277-8110-969bd1df041a,Native DRC + all469-pad actual-copper + whole-net branches PASS; source 7d6288a3e79992e387e95aa80c018b5a480a0d5dae67df03d6c3de5389c8f986
7e8efaf6-0c0a-498b-a75e-745d0b848c72,LO_OK,F.Cu,"[155337800, 103433500]","[155228200, 103433500]",0.25,0.1096,True,1d9fec8c-db4e-4444-bb15-bd3cb2315cc6;7b7b42a0-b0aa-44b3-8625-e3d0db7ea742,保留,保留实际过孔接入/中心顶点；不能仅凭同网铜覆盖删除,7e8efaf6-0c0a-498b-a75e-745d0b848c72,Native DRC + all469-pad actual-copper + whole-net branches PASS; source 7d6288a3e79992e387e95aa80c018b5a480a0d5dae67df03d6c3de5389c8f986
b036f58a-9489-424b-add3-516cd84dca4e,LO_OK,B.Cu,"[145351600, 95800000]","[145435600, 95716000]",0.2,0.11879393923934,True,737f56e8-711e-469a-81ab-a24b6fde0a29;d0469bdb-e0a9-4e79-a022-df9cf0e25d7c,保留,保留实际过孔接入/中心顶点；不能仅凭同网铜覆盖删除,b036f58a-9489-424b-add3-516cd84dca4e,Native DRC + all469-pad actual-copper + whole-net branches PASS; source 7d6288a3e79992e387e95aa80c018b5a480a0d5dae67df03d6c3de5389c8f986
e283068b-78a3-483f-811e-3787f5f447b2,OPEN_OK,F.Cu,"[147796100, 119148400]","[147796100, 119027100]",0.25,0.1213,True,23b2cae3-11fd-4ef9-82c4-8d636adb6fb2;2c84a39c-fb6b-45ef-a018-3cce01aab1aa,保留,保留实际过孔接入/中心顶点；不能仅凭同网铜覆盖删除,e283068b-78a3-483f-811e-3787f5f447b2,Native DRC + all469-pad actual-copper + whole-net branches PASS; source 7d6288a3e79992e387e95aa80c018b5a480a0d5dae67df03d6c3de5389c8f986
9f4ce8a9-d7a5-4210-9f1a-766ddc5108fd,OPEN_OK,B.Cu,"[158567600, 110348800]","[158608300, 110389500]",0.25,0.05755849198858497,True,b3f77518-69dd-4956-8017-98ecfc216192;bdd58f53-d622-456f-a45c-9c43e1023e5d,保留,保留实际过孔接入/中心顶点；不能仅凭同网铜覆盖删除,9f4ce8a9-d7a5-4210-9f1a-766ddc5108fd,Native DRC + all469-pad actual-copper + whole-net branches PASS; source 7d6288a3e79992e387e95aa80c018b5a480a0d5dae67df03d6c3de5389c8f986
633c62cc-179e-4165-8bf8-4d7d9caa2881,LC_OK,F.Cu,"[152935800, 99637100]","[152935800, 99531700]",0.25,0.1054,True,a1874c48-c56a-47cd-a0ad-25dddc1b2481;fb6f39a3-9fdc-4bf2-8530-672d9fd3322a,保留,保留实际过孔接入/中心顶点；不能仅凭同网铜覆盖删除,633c62cc-179e-4165-8bf8-4d7d9caa2881,Native DRC + all469-pad actual-copper + whole-net branches PASS; source 7d6288a3e79992e387e95aa80c018b5a480a0d5dae67df03d6c3de5389c8f986
9df1c58d-972e-4e99-9c7e-4bdf44324dfa,LC_OK,B.Cu,"[155298700, 102000000]","[155328600, 102029900]",0.25,0.04228498551495555,True,036af8b6-ef9a-4a10-b070-3f728a2cad5f;639e4f2e-8cbb-430b-9079-f25cb3251b2f,保留,保留实际过孔接入/中心顶点；不能仅凭同网铜覆盖删除,9df1c58d-972e-4e99-9c7e-4bdf44324dfa,Native DRC + all469-pad actual-copper + whole-net branches PASS; source 7d6288a3e79992e387e95aa80c018b5a480a0d5dae67df03d6c3de5389c8f986
8f2e82e4-6af1-4c40-af98-10db1123889f,CLOSE_OK,F.Cu,"[150868400, 119703000]","[150921300, 119755900]",0.25,0.07481189744953673,True,03120815-48fd-4da2-a16e-a33aca4ef83a;4049ab0c-1382-42da-9ce4-a9519256fa9f,保留,保留实际过孔接入/中心顶点；不能仅凭同网铜覆盖删除,8f2e82e4-6af1-4c40-af98-10db1123889f,Native DRC + all469-pad actual-copper + whole-net branches PASS; source 7d6288a3e79992e387e95aa80c018b5a480a0d5dae67df03d6c3de5389c8f986
d2c990ff-43a8-4034-8afe-fb264a42c0b9,CLOSE_OK,F.Cu,"[157447900, 104066100]","[157546200, 103967800]",0.25,0.13901719318127526,True,5bae890b-330e-44f0-b09c-9933c4fcb1f2;6ce9b677-bc4d-496a-9292-832239fcf644,保留,保留实际过孔接入/中心顶点；不能仅凭同网铜覆盖删除,d2c990ff-43a8-4034-8afe-fb264a42c0b9,Native DRC + all469-pad actual-copper + whole-net branches PASS; source 7d6288a3e79992e387e95aa80c018b5a480a0d5dae67df03d6c3de5389c8f986
ad965427-6c9a-4fdf-baa0-4538900dcf76,ESTOP_LED,F.Cu,"[175633400, 121490400]","[175633400, 121360700]",0.25,0.1297,True,54632f24-6c47-430a-98cc-97cbe9daf481;6e15c4d0-8246-4553-ae70-d8b08eb25e3d;7cd5d12c-fb94-4cf2-9181-78741096fced,保留,保留实际过孔接入/中心顶点；不能仅凭同网铜覆盖删除,ad965427-6c9a-4fdf-baa0-4538900dcf76,Native DRC + all469-pad actual-copper + whole-net branches PASS; source 7d6288a3e79992e387e95aa80c018b5a480a0d5dae67df03d6c3de5389c8f986
465bf515-f962-48ce-8445-06fd43f196c8,STOP_INTERLOCK,B.Cu,"[142873800, 105371200]","[142873800, 105484500]",0.25,0.1133,True,0629857a-aa0e-4b48-b083-685acd5300cb;1c04baa3-39dc-4c15-9cb6-7c63d75efd70,保留,保留实际过孔接入/中心顶点；不能仅凭同网铜覆盖删除,465bf515-f962-48ce-8445-06fd43f196c8,Native DRC + all469-pad actual-copper + whole-net branches PASS; source 7d6288a3e79992e387e95aa80c018b5a480a0d5dae67df03d6c3de5389c8f986
46679e2c-da06-43f0-ad4a-802463c7d95c,CLOSE_DIR,F.Cu,"[169623100, 103111700]","[169627800, 103111700]",0.25,0.0047,True,adfd5349-fd18-487c-9e30-483dd8f7699c,保留,保留既有支路/局部扇出顶点；本轮不移动该控制链接入点,46679e2c-da06-43f0-ad4a-802463c7d95c,Native DRC + all469-pad actual-copper + whole-net branches PASS; source 7d6288a3e79992e387e95aa80c018b5a480a0d5dae67df03d6c3de5389c8f986
a136838e-1624-415d-9d25-bad82b189915,CLOSE_DIR,F.Cu,"[150344500, 120173400]","[150282800, 120111700]",0.25,0.08725697679841997,True,5cfc8757-0183-43a6-855d-d3c8b7eaea88;6f912d9b-fec9-4c72-9095-65f7d16e959f,保留,保留实际过孔接入/中心顶点；不能仅凭同网铜覆盖删除,a136838e-1624-415d-9d25-bad82b189915,Native DRC + all469-pad actual-copper + whole-net branches PASS; source 7d6288a3e79992e387e95aa80c018b5a480a0d5dae67df03d6c3de5389c8f986
ff05ae9b-d83a-4369-ae32-ca63a3d16bac,CLOSE_DIR,B.Cu,"[169689500, 103050000]","[169627800, 103111700]",0.2,0.08725697679841997,True,6c6cfcc6-73e1-4341-aff5-d34817a6d63d;d84d2091-5d27-47f0-a897-8a0d1f21dc5f,保留,保留实际过孔接入/中心顶点；不能仅凭同网铜覆盖删除,ff05ae9b-d83a-4369-ae32-ca63a3d16bac,Native DRC + all469-pad actual-copper + whole-net branches PASS; source 7d6288a3e79992e387e95aa80c018b5a480a0d5dae67df03d6c3de5389c8f986
97221d44-e13e-48b6-aa44-e3c19863bf2a,OPEN_ALLOWED,B.Cu,"[153205600, 117893900]","[153205600, 117837900]",0.25,0.056,True,5ecbc9a0-3382-49d5-b0ce-1e6d1c635907;acf599c9-1eea-401c-a96e-ad930c3069a5,保留,保留实际过孔接入/中心顶点；不能仅凭同网铜覆盖删除,97221d44-e13e-48b6-aa44-e3c19863bf2a,Native DRC + all469-pad actual-copper + whole-net branches PASS; source 7d6288a3e79992e387e95aa80c018b5a480a0d5dae67df03d6c3de5389c8f986
