类别,试验,测点/对象,状态,判据来源,实际仪器/环境,实测数据,通过/未通过,日期/人员
电气供电,限流首次上电,U1.1/2/3；U2.21/22；+3V3,未执行,接线与固件契约.md /报告第18页 /POWER_voltage_and_resistance_review.json,,,,
电气供电,待机和较重无线峰值/纹波,U1.1/2/3；U2.21/22；+3V3,未执行,接线与固件契约.md /报告第18页 /POWER_voltage_and_resistance_review.json,,,,
电气供电,J19/USB供电互斥,U1.1/2/3；U2.21/22；+3V3,未执行,接线与固件契约.md /报告第18页 /POWER_voltage_and_resistance_review.json,,,,
电气供电,U41/U44欠压与恢复,U1.1/2/3；U2.21/22；+3V3,未执行,接线与固件契约.md /报告第18页 /POWER_voltage_and_resistance_review.json,,,,
功能故障,普通STOP保持力,STEP、ARM_CLK、WDI、WDT_OK、RUN_CLR_N、ENA,未执行,接线与固件契约.md /报告第18页 /POWER_voltage_and_resistance_review.json,,,,
功能故障,四路NC各自两方向断线,STEP、ARM_CLK、WDI、WDT_OK、RUN_CLR_N、ENA,未执行,接线与固件契约.md /报告第18页 /POWER_voltage_and_resistance_review.json,,,,
功能故障,ALM极性及驱动配置,STEP、ARM_CLK、WDI、WDT_OK、RUN_CLR_N、ENA,未执行,接线与固件契约.md /报告第18页 /POWER_voltage_and_resistance_review.json,,,,
功能故障,EN复位,STEP、ARM_CLK、WDI、WDT_OK、RUN_CLR_N、ENA,未执行,接线与固件契约.md /报告第18页 /POWER_voltage_and_resistance_review.json,,,,
功能故障,WDI保持HIGH,STEP、ARM_CLK、WDI、WDT_OK、RUN_CLR_N、ENA,未执行,接线与固件契约.md /报告第18页 /POWER_voltage_and_resistance_review.json,,,,
功能故障,丢失下降沿/应用停更/失联,STEP、ARM_CLK、WDI、WDT_OK、RUN_CLR_N、ENA,未执行,接线与固件契约.md /报告第18页 /POWER_voltage_and_resistance_review.json,,,,
功能故障,故障解除GPIO6持续HIGH,STEP、ARM_CLK、WDI、WDT_OK、RUN_CLR_N、ENA,未执行,接线与固件契约.md /报告第18页 /POWER_voltage_and_resistance_review.json,,,,
功能故障,新LOW→HIGH重新ARM,STEP、ARM_CLK、WDI、WDT_OK、RUN_CLR_N、ENA,未执行,接线与固件契约.md /报告第18页 /POWER_voltage_and_resistance_review.json,,,,
功能故障,急停真实电源分断/停止距离,STEP、ARM_CLK、WDI、WDT_OK、RUN_CLR_N、ENA,未执行,接线与固件契约.md /报告第18页 /POWER_voltage_and_resistance_review.json,,,,
功能故障,截脉冲位置无效后的回零,STEP、ARM_CLK、WDI、WDT_OK、RUN_CLR_N、ENA,未执行,接线与固件契约.md /报告第18页 /POWER_voltage_and_resistance_review.json,,,,
温升,名义99/101/103kPa稳态,LDO/ESP/U1/D9、局部空气、PA12,未执行,接线与固件契约.md /报告第18页 /POWER_voltage_and_resistance_review.json,,,,
温升,較重负载和灯蜂鸣器持续,LDO/ESP/U1/D9、局部空气、PA12,未执行,接线与固件契约.md /报告第18页 /POWER_voltage_and_resistance_review.json,,,,
温升,模型不利参数及网格/接触校准,LDO/ESP/U1/D9、局部空气、PA12,未执行,接线与固件契约.md /报告第18页 /POWER_voltage_and_resistance_review.json,,,,
装配,SET灯电流和后端测量,SET/USB/支柱/底面插件尾脚,未执行,接线与固件契约.md /报告第18页 /POWER_voltage_and_resistance_review.json,,,,
装配,USB插头及弯线插拔,SET/USB/支柱/底面插件尾脚,未执行,接线与固件契约.md /报告第18页 /POWER_voltage_and_resistance_review.json,,,,
装配,2–3mm垫片压缩/螺丝啮合,SET/USB/支柱/底面插件尾脚,未执行,接线与固件契约.md /报告第18页 /POWER_voltage_and_resistance_review.json,,,,
装配,全部端子螺丝刀/线束/返修,SET/USB/支柱/底面插件尾脚,未执行,接线与固件契约.md /报告第18页 /POWER_voltage_and_resistance_review.json,,,,
装配,单通道K1启动冲击与触点温升,SET/USB/支柱/底面插件尾脚,未执行,接线与固件契约.md /报告第18页 /POWER_voltage_and_resistance_review.json,,,,
抗扰,驱动启停/换向及邻近线束耦合,MCU_RESET_N/WDI/WDT_OK/PUL_GATED；SDA/SCL；NC/按钮输入,未执行,样机测量步骤与判据.md /接线与固件契约.md,,,,
抗扰,实际最长I2C/限位/按钮线的抗扰与边沿,MCU_RESET_N/WDI/WDT_OK/PUL_GATED；SDA/SCL；NC/按钮输入,未执行,样机测量步骤与判据.md /接线与固件契约.md,,,,
