uuid,action,net,before,after,reason
08ff2c4c-a13a-44d2-bef8-7eb5cc820007,removed,I2C_SDA,"{""uuid"": ""08ff2c4c-a13a-44d2-bef8-7eb5cc820007"", ""net"": ""I2C_SDA"", ""a_nm"": [166621500, 94783000], ""b_nm"": [169254000, 97344100], ""width_nm"": 250000, ""layer"": ""B.Cu"", ""squared_length_nm2"": 13489289460000, ""length_mm"": 3.672776805089032, ""standard_angle"": false}",,I2C corridor / pullup rail preservation / 4L MCU feed / exact protected geometry cleanup
0949eef4-4242-4790-8c47-556e3c6ff918,removed,I2C_SDA,"{""uuid"": ""0949eef4-4242-4790-8c47-556e3c6ff918"", ""net"": ""I2C_SDA"", ""a_nm"": [166772300, 85417000], ""b_nm"": [166621500, 85567800], ""width_nm"": 250000, ""layer"": ""B.Cu"", ""squared_length_nm2"": 45481280000, ""length_mm"": 0.21326340520586273, ""standard_angle"": true}",,I2C corridor / pullup rail preservation / 4L MCU feed / exact protected geometry cleanup
0bf00368-2cff-4439-8096-d08465eea2a7,removed,I2C_SDA,"{""uuid"": ""0bf00368-2cff-4439-8096-d08465eea2a7"", ""net"": ""I2C_SDA"", ""a_nm"": [118938000, 92573000], ""b_nm"": [119438000, 91948000], ""width_nm"": 200000, ""layer"": ""B.Cu"", ""squared_length_nm2"": 640625000000, ""length_mm"": 0.8003905296791061, ""standard_angle"": false}",,I2C corridor / pullup rail preservation / 4L MCU feed / exact protected geometry cleanup
16d0005e-86b5-41b1-832a-1e5e8586d3cf,removed,I2C_SDA,"{""uuid"": ""16d0005e-86b5-41b1-832a-1e5e8586d3cf"", ""net"": ""I2C_SDA"", ""a_nm"": [119438000, 91948000], ""b_nm"": [119638000, 91798000], ""width_nm"": 200000, ""layer"": ""B.Cu"", ""squared_length_nm2"": 62500000000, ""length_mm"": 0.25, ""standard_angle"": false}",,I2C corridor / pullup rail preservation / 4L MCU feed / exact protected geometry cleanup
19c08327-8412-47fc-9e1a-7494dd6ca648,removed,I2C_SCL,"{""uuid"": ""19c08327-8412-47fc-9e1a-7494dd6ca648"", ""net"": ""I2C_SCL"", ""a_nm"": [140636200, 122518700], ""b_nm"": [132518700, 122518700], ""width_nm"": 250000, ""layer"": ""F.Cu"", ""squared_length_nm2"": 65893806250000, ""length_mm"": 8.1175, ""standard_angle"": true}",,I2C corridor / pullup rail preservation / 4L MCU feed / exact protected geometry cleanup
1c6d1518-64f5-4ce0-be76-33d4715f7190,removed,I2C_SDA,"{""uuid"": ""1c6d1518-64f5-4ce0-be76-33d4715f7190"", ""net"": ""I2C_SDA"", ""a_nm"": [108032200, 91823300], ""b_nm"": [108716700, 92507800], ""width_nm"": 250000, ""layer"": ""B.Cu"", ""squared_length_nm2"": 937080500000, ""length_mm"": 0.9680291834443836, ""standard_angle"": true}",,I2C corridor / pullup rail preservation / 4L MCU feed / exact protected geometry cleanup
1e572b62-d9ba-4f9b-a2b9-5a153a8b422d,removed,I2C_SDA,"{""uuid"": ""1e572b62-d9ba-4f9b-a2b9-5a153a8b422d"", ""net"": ""I2C_SDA"", ""a_nm"": [103940000, 91823300], ""b_nm"": [108032200, 91823300], ""width_nm"": 250000, ""layer"": ""B.Cu"", ""squared_length_nm2"": 16746100840000, ""length_mm"": 4.0922, ""standard_angle"": true}",,I2C corridor / pullup rail preservation / 4L MCU feed / exact protected geometry cleanup
2361706e-754d-4ea4-a5c8-49d4f27512bd,removed,I2C_SDA,"{""uuid"": ""2361706e-754d-4ea4-a5c8-49d4f27512bd"", ""net"": ""I2C_SDA"", ""a_nm"": [169254000, 97344100], ""b_nm"": [169254000, 97745500], ""width_nm"": 250000, ""layer"": ""B.Cu"", ""squared_length_nm2"": 161121960000, ""length_mm"": 0.4014, ""standard_angle"": true}",,I2C corridor / pullup rail preservation / 4L MCU feed / exact protected geometry cleanup
25dedb1e-3422-46a4-ae16-3233008af1f7,removed,I2C_SDA,"{""uuid"": ""25dedb1e-3422-46a4-ae16-3233008af1f7"", ""net"": ""I2C_SDA"", ""a_nm"": [169647000, 98138500], ""b_nm"": [171399000, 98138500], ""width_nm"": 250000, ""layer"": ""B.Cu"", ""squared_length_nm2"": 3069504000000, ""length_mm"": 1.752, ""standard_angle"": true}",,I2C corridor / pullup rail preservation / 4L MCU feed / exact protected geometry cleanup
284e5bba-77e9-4283-9497-5e3019a1c7a7,removed,I2C_SCL,"{""uuid"": ""284e5bba-77e9-4283-9497-5e3019a1c7a7"", ""net"": ""I2C_SCL"", ""a_nm"": [178091100, 94781200], ""b_nm"": [180953600, 94781200], ""width_nm"": 250000, ""layer"": ""F.Cu"", ""squared_length_nm2"": 8193906250000, ""length_mm"": 2.8625, ""standard_angle"": true}",,I2C corridor / pullup rail preservation / 4L MCU feed / exact protected geometry cleanup
2f81e58b-c3bb-44f6-984a-cc6f36f049a2,removed,I2C_SCL,"{""uuid"": ""2f81e58b-c3bb-44f6-984a-cc6f36f049a2"", ""net"": ""I2C_SCL"", ""a_nm"": [181401000, 110148500], ""b_nm"": [175416400, 116628700], ""width_nm"": 250000, ""layer"": ""F.Cu"", ""squared_length_nm2"": 77808429200000, ""length_mm"": 8.82090863800323, ""standard_angle"": false}",,I2C corridor / pullup rail preservation / 4L MCU feed / exact protected geometry cleanup
322359c5-d6a0-42a3-97ed-7af34c32d5f1,removed,I2C_SDA,"{""uuid"": ""322359c5-d6a0-42a3-97ed-7af34c32d5f1"", ""net"": ""I2C_SDA"", ""a_nm"": [121088150, 87014041], ""b_nm"": [165096400, 87092900], ""width_nm"": 250000, ""layer"": ""F.Cu"", ""squared_length_nm2"": 1936732286804381, ""length_mm"": 44.00832065421698, ""standard_angle"": false}",,I2C corridor / pullup rail preservation / 4L MCU feed / exact protected geometry cleanup
3d67e8e4-7640-5a43-bf4a-e931a89657ba,added,I2C_SDA,,"{""uuid"": ""3d67e8e4-7640-5a43-bf4a-e931a89657ba"", ""net"": ""I2C_SDA"", ""a_nm"": [105088000, 91823300], ""b_nm"": [105088000, 91598000], ""width_nm"": 250000, ""layer"": ""B.Cu"", ""squared_length_nm2"": 50760090000, ""length_mm"": 0.2253, ""standard_angle"": true}",I2C corridor / pullup rail preservation / 4L MCU feed / exact protected geometry cleanup
3d6a081b-a2fe-42b2-8f38-1e8c6c3a06ed,removed,I2C_SCL,"{""uuid"": ""3d6a081b-a2fe-42b2-8f38-1e8c6c3a06ed"", ""net"": ""I2C_SCL"", ""a_nm"": [183355600, 97183200], ""b_nm"": [183355600, 107858000], ""width_nm"": 250000, ""layer"": ""F.Cu"", ""squared_length_nm2"": 113951355040000, ""length_mm"": 10.6748, ""standard_angle"": true}",,I2C corridor / pullup rail preservation / 4L MCU feed / exact protected geometry cleanup
45c22665-6d64-42aa-928a-f7177d98e0d8,removed,I2C_SDA,"{""uuid"": ""45c22665-6d64-42aa-928a-f7177d98e0d8"", ""net"": ""I2C_SDA"", ""a_nm"": [117613000, 94173000], ""b_nm"": [117488000, 94173000], ""width_nm"": 200000, ""layer"": ""B.Cu"", ""squared_length_nm2"": 15625000000, ""length_mm"": 0.125, ""standard_angle"": true}",,I2C corridor / pullup rail preservation / 4L MCU feed / exact protected geometry cleanup
48a04107-2c3d-4c53-98f3-7452bb12ff77,removed,I2C_SCL,"{""uuid"": ""48a04107-2c3d-4c53-98f3-7452bb12ff77"", ""net"": ""I2C_SCL"", ""a_nm"": [159559600, 123524900], ""b_nm"": [141642400, 123524900], ""width_nm"": 250000, ""layer"": ""F.Cu"", ""squared_length_nm2"": 321026055840000, ""length_mm"": 17.9172, ""standard_angle"": true}",,I2C corridor / pullup rail preservation / 4L MCU feed / exact protected geometry cleanup
4e2a135d-29b9-5c93-97c1-197169d99547,added,I2C_SDA,,"{""uuid"": ""4e2a135d-29b9-5c93-97c1-197169d99547"", ""net"": ""I2C_SDA"", ""a_nm"": [103940000, 91823300], ""b_nm"": [105088000, 91823300], ""width_nm"": 250000, ""layer"": ""B.Cu"", ""squared_length_nm2"": 1317904000000, ""length_mm"": 1.148, ""standard_angle"": true}",I2C corridor / pullup rail preservation / 4L MCU feed / exact protected geometry cleanup
58a950d2-a469-404a-8eff-afbc6298fc3b,removed,I2C_SDA,"{""uuid"": ""58a950d2-a469-404a-8eff-afbc6298fc3b"", ""net"": ""I2C_SDA"", ""a_nm"": [105088000, 91598000], ""b_nm"": [105088000, 91698000], ""width_nm"": 200000, ""layer"": ""B.Cu"", ""squared_length_nm2"": 10000000000, ""length_mm"": 0.1, ""standard_angle"": true}",,I2C corridor / pullup rail preservation / 4L MCU feed / exact protected geometry cleanup
5993791d-4d9a-433a-83ea-7751840a57a5,removed,I2C_SDA,"{""uuid"": ""5993791d-4d9a-433a-83ea-7751840a57a5"", ""net"": ""I2C_SDA"", ""a_nm"": [121088000, 90298000], ""b_nm"": [121038000, 90448000], ""width_nm"": 200000, ""layer"": ""B.Cu"", ""squared_length_nm2"": 25000000000, ""length_mm"": 0.15811388300841894, ""standard_angle"": false}",,I2C corridor / pullup rail preservation / 4L MCU feed / exact protected geometry cleanup
5e423bc2-9fc6-4b89-95d9-f678fdd71aa2,added,I2C_SCL,,"{""uuid"": ""5e423bc2-9fc6-4b89-95d9-f678fdd71aa2"", ""net"": ""I2C_SCL"", ""a_nm"": [99788000, 84123000], ""b_nm"": [99788000, 87048000], ""width_nm"": 200000, ""layer"": ""F.Cu"", ""squared_length_nm2"": 8555625000000, ""length_mm"": 2.925, ""standard_angle"": true}",I2C corridor / pullup rail preservation / 4L MCU feed / exact protected geometry cleanup
60659655-ba7d-482e-9d79-5b69f067eb14,added,I2C_SCL,,"{""uuid"": ""60659655-ba7d-482e-9d79-5b69f067eb14"", ""net"": ""I2C_SCL"", ""a_nm"": [101813000, 82473000], ""b_nm"": [101113000, 83173000], ""width_nm"": 200000, ""layer"": ""B.Cu"", ""squared_length_nm2"": 980000000000, ""length_mm"": 0.9899494936611665, ""standard_angle"": true}",I2C corridor / pullup rail preservation / 4L MCU feed / exact protected geometry cleanup
6257a070-03af-42d3-bb32-cd38cc6b237f,added,I2C_SCL,,"{""uuid"": ""6257a070-03af-42d3-bb32-cd38cc6b237f"", ""net"": ""I2C_SCL"", ""a_nm"": [100738000, 83173000], ""b_nm"": [99788000, 84123000], ""width_nm"": 200000, ""layer"": ""F.Cu"", ""squared_length_nm2"": 1805000000000, ""length_mm"": 1.3435028842544403, ""standard_angle"": true}",I2C corridor / pullup rail preservation / 4L MCU feed / exact protected geometry cleanup
65361004-1e39-409f-94a7-c9f2454c4009,removed,I2C_SDA,"{""uuid"": ""65361004-1e39-409f-94a7-c9f2454c4009"", ""net"": ""I2C_SDA"", ""a_nm"": [118913000, 93648000], ""b_nm"": [118938000, 92573000], ""width_nm"": 200000, ""layer"": ""B.Cu"", ""squared_length_nm2"": 1156250000000, ""length_mm"": 1.0752906583803283, ""standard_angle"": false}",,I2C corridor / pullup rail preservation / 4L MCU feed / exact protected geometry cleanup
68a31fa6-4955-4209-b3ac-0fc742a3e81a,removed,I2C_SCL,"{""uuid"": ""68a31fa6-4955-4209-b3ac-0fc742a3e81a"", ""net"": ""I2C_SCL"", ""a_nm"": [161314500, 121131200], ""b_nm"": [161082200, 121505600], ""width_nm"": 250000, ""layer"": ""F.Cu"", ""squared_length_nm2"": 194138650000, ""length_mm"": 0.44061167710354654, ""standard_angle"": false}",,I2C corridor / pullup rail preservation / 4L MCU feed / exact protected geometry cleanup
6bd0bb13-893b-4caf-8b7e-77e4aee73426,removed,I2C_SCL,"{""uuid"": ""6bd0bb13-893b-4caf-8b7e-77e4aee73426"", ""net"": ""I2C_SCL"", ""a_nm"": [164009100, 119075400], ""b_nm"": [163030700, 119415000], ""width_nm"": 250000, ""layer"": ""F.Cu"", ""squared_length_nm2"": 1072594720000, ""length_mm"": 1.0356614890976685, ""standard_angle"": false}",,I2C corridor / pullup rail preservation / 4L MCU feed / exact protected geometry cleanup
6bd769c6-ca2c-4065-88b7-5ae3d7be5bd7,removed,I2C_SDA,"{""uuid"": ""6bd769c6-ca2c-4065-88b7-5ae3d7be5bd7"", ""net"": ""I2C_SDA"", ""a_nm"": [121088000, 87548000], ""b_nm"": [121088000, 90298000], ""width_nm"": 200000, ""layer"": ""B.Cu"", ""squared_length_nm2"": 7562500000000, ""length_mm"": 2.75, ""standard_angle"": true}",,I2C corridor / pullup rail preservation / 4L MCU feed / exact protected geometry cleanup
6f319a6a-0454-43bf-936a-94906f7d1417,removed,I2C_SDA,"{""uuid"": ""6f319a6a-0454-43bf-936a-94906f7d1417"", ""net"": ""I2C_SDA"", ""a_nm"": [165096400, 87092900], ""b_nm"": [166772300, 85417000], ""width_nm"": 250000, ""layer"": ""F.Cu"", ""squared_length_nm2"": 5617281620000, ""length_mm"": 2.37008050918107, ""standard_angle"": true}",,I2C corridor / pullup rail preservation / 4L MCU feed / exact protected geometry cleanup
71831203-7317-4aaa-891f-f4e1c6fa85ba,removed,I2C_SDA,"{""uuid"": ""71831203-7317-4aaa-891f-f4e1c6fa85ba"", ""net"": ""I2C_SDA"", ""a_nm"": [108716700, 92507800], ""b_nm"": [108716700, 93304400], ""width_nm"": 250000, ""layer"": ""B.Cu"", ""squared_length_nm2"": 634571560000, ""length_mm"": 0.7966, ""standard_angle"": true}",,I2C corridor / pullup rail preservation / 4L MCU feed / exact protected geometry cleanup
7acf8c96-c4b8-4c2c-af6b-b36ca2893b97,removed,I2C_SDA,"{""uuid"": ""7acf8c96-c4b8-4c2c-af6b-b36ca2893b97"", ""net"": ""I2C_SDA"", ""a_nm"": [117388000, 94198000], ""b_nm"": [109626400, 94214100], ""width_nm"": 200000, ""layer"": ""B.Cu"", ""squared_length_nm2"": 60242693770000, ""length_mm"": 7.761616698214361, ""standard_angle"": false}",,I2C corridor / pullup rail preservation / 4L MCU feed / exact protected geometry cleanup
7bfe5fa2-54a6-4514-b400-53544a823cfe,removed,I2C_SCL,"{""uuid"": ""7bfe5fa2-54a6-4514-b400-53544a823cfe"", ""net"": ""I2C_SCL"", ""a_nm"": [178091100, 94781200], ""b_nm"": [177000000, 97537500], ""width_nm"": 250000, ""layer"": ""B.Cu"", ""squared_length_nm2"": 8787688900000, ""length_mm"": 2.9644036331107135, ""standard_angle"": false}",,I2C corridor / pullup rail preservation / 4L MCU feed / exact protected geometry cleanup
7ccf237f-c4f9-4df9-980f-900894d4df77,added,+3V3,,"{""uuid"": ""7ccf237f-c4f9-4df9-980f-900894d4df77"", ""net"": ""+3V3"", ""a_nm"": [171225000, 100462500], ""b_nm"": [172775000, 100462500], ""width_nm"": 1100000, ""layer"": ""B.Cu"", ""squared_length_nm2"": 2402500000000, ""length_mm"": 1.55, ""standard_angle"": true}",I2C corridor / pullup rail preservation / 4L MCU feed / exact protected geometry cleanup
891fd992-ae4d-4035-85b0-7b3083a5d239,removed,I2C_SDA,"{""uuid"": ""891fd992-ae4d-4035-85b0-7b3083a5d239"", ""net"": ""I2C_SDA"", ""a_nm"": [166621500, 85567800], ""b_nm"": [166621500, 94783000], ""width_nm"": 250000, ""layer"": ""B.Cu"", ""squared_length_nm2"": 84919911040000, ""length_mm"": 9.2152, ""standard_angle"": true}",,I2C corridor / pullup rail preservation / 4L MCU feed / exact protected geometry cleanup
8baaceb4-63cc-4044-bbd3-19e56fd7d77b,removed,I2C_SCL,"{""uuid"": ""8baaceb4-63cc-4044-bbd3-19e56fd7d77b"", ""net"": ""I2C_SCL"", ""a_nm"": [165666500, 119327100], ""b_nm"": [165414800, 119075400], ""width_nm"": 250000, ""layer"": ""F.Cu"", ""squared_length_nm2"": 126705780000, ""length_mm"": 0.35595755364930803, ""standard_angle"": true}",,I2C corridor / pullup rail preservation / 4L MCU feed / exact protected geometry cleanup
8fd72bcd-af91-4709-a91d-0f75f5377e1d,removed,I2C_SCL,"{""uuid"": ""8fd72bcd-af91-4709-a91d-0f75f5377e1d"", ""net"": ""I2C_SCL"", ""a_nm"": [161082200, 121983200], ""b_nm"": [159559600, 123524900], ""width_nm"": 250000, ""layer"": ""F.Cu"", ""squared_length_nm2"": 4695149650000, ""length_mm"": 2.166829400298971, ""standard_angle"": false}",,I2C corridor / pullup rail preservation / 4L MCU feed / exact protected geometry cleanup
91df9d95-f3cf-4eac-bc52-5c3b13e676ba,removed,I2C_SDA,"{""uuid"": ""91df9d95-f3cf-4eac-bc52-5c3b13e676ba"", ""net"": ""I2C_SDA"", ""a_nm"": [121088000, 87098000], ""b_nm"": [121088000, 87548000], ""width_nm"": 200000, ""layer"": ""F.Cu"", ""squared_length_nm2"": 202500000000, ""length_mm"": 0.45, ""standard_angle"": true}",,I2C corridor / pullup rail preservation / 4L MCU feed / exact protected geometry cleanup
9360f8a8-db6d-4b3d-b1de-5db5ae580edd,added,I2C_SCL,,"{""uuid"": ""9360f8a8-db6d-4b3d-b1de-5db5ae580edd"", ""net"": ""I2C_SCL"", ""a_nm"": [101113000, 83173000], ""b_nm"": [100738000, 83173000], ""width_nm"": 200000, ""layer"": ""F.Cu"", ""squared_length_nm2"": 140625000000, ""length_mm"": 0.375, ""standard_angle"": true}",I2C corridor / pullup rail preservation / 4L MCU feed / exact protected geometry cleanup
94f34f17-e43b-47d0-b2a5-b08baa3cda41,removed,I2C_SCL,"{""uuid"": ""94f34f17-e43b-47d0-b2a5-b08baa3cda41"", ""net"": ""I2C_SCL"", ""a_nm"": [183355600, 107858000], ""b_nm"": [181401000, 110148500], ""width_nm"": 250000, ""layer"": ""F.Cu"", ""squared_length_nm2"": 9066851410000, ""length_mm"": 3.0111212878261813, ""standard_angle"": false}",,I2C corridor / pullup rail preservation / 4L MCU feed / exact protected geometry cleanup
95978a67-f7dd-43a3-a7a0-5c2560d9e711,removed,I2C_SCL,"{""uuid"": ""95978a67-f7dd-43a3-a7a0-5c2560d9e711"", ""net"": ""I2C_SCL"", ""a_nm"": [172222400, 119327100], ""b_nm"": [165666500, 119327100], ""width_nm"": 250000, ""layer"": ""F.Cu"", ""squared_length_nm2"": 42979824810000, ""length_mm"": 6.5559, ""standard_angle"": true}",,I2C corridor / pullup rail preservation / 4L MCU feed / exact protected geometry cleanup
99b60861-c9e4-4df6-91da-dd3b61092e57,added,+3V3,,"{""uuid"": ""99b60861-c9e4-4df6-91da-dd3b61092e57"", ""net"": ""+3V3"", ""a_nm"": [176225000, 100462500], ""b_nm"": [177775000, 100462500], ""width_nm"": 1100000, ""layer"": ""B.Cu"", ""squared_length_nm2"": 2402500000000, ""length_mm"": 1.55, ""standard_angle"": true}",I2C corridor / pullup rail preservation / 4L MCU feed / exact protected geometry cleanup
9a326e04-aab3-4aa4-bb38-11213dd708c0,removed,I2C_SCL,"{""uuid"": ""9a326e04-aab3-4aa4-bb38-11213dd708c0"", ""net"": ""I2C_SCL"", ""a_nm"": [161082200, 121505600], ""b_nm"": [161082200, 121983200], ""width_nm"": 250000, ""layer"": ""F.Cu"", ""squared_length_nm2"": 228101760000, ""length_mm"": 0.4776, ""standard_angle"": true}",,I2C corridor / pullup rail preservation / 4L MCU feed / exact protected geometry cleanup
9f9ea926-65b2-47b5-a3c3-77ba6e291ae0,removed,I2C_SDA,"{""uuid"": ""9f9ea926-65b2-47b5-a3c3-77ba6e291ae0"", ""net"": ""I2C_SDA"", ""a_nm"": [121038000, 90448000], ""b_nm"": [119738000, 91748000], ""width_nm"": 200000, ""layer"": ""B.Cu"", ""squared_length_nm2"": 3380000000000, ""length_mm"": 1.8384776310850235, ""standard_angle"": true}",,I2C corridor / pullup rail preservation / 4L MCU feed / exact protected geometry cleanup
a7d94c34-7209-484a-b03b-c63c3babc6ba,removed,I2C_SCL,"{""uuid"": ""a7d94c34-7209-484a-b03b-c63c3babc6ba"", ""net"": ""I2C_SCL"", ""a_nm"": [165414800, 119075400], ""b_nm"": [164009100, 119075400], ""width_nm"": 250000, ""layer"": ""F.Cu"", ""squared_length_nm2"": 1975992490000, ""length_mm"": 1.4057, ""standard_angle"": true}",,I2C corridor / pullup rail preservation / 4L MCU feed / exact protected geometry cleanup
a9a66609-9b31-41e5-b654-8d1c8cb9ffa6,removed,I2C_SDA,"{""uuid"": ""a9a66609-9b31-41e5-b654-8d1c8cb9ffa6"", ""net"": ""I2C_SDA"", ""a_nm"": [169254000, 97745500], ""b_nm"": [169647000, 98138500], ""width_nm"": 250000, ""layer"": ""B.Cu"", ""squared_length_nm2"": 308898000000, ""length_mm"": 0.5557859300126263, ""standard_angle"": true}",,I2C corridor / pullup rail preservation / 4L MCU feed / exact protected geometry cleanup
aa8cb88e-f6ad-4ca2-b181-8a7c8f70e370,removed,I2C_SCL,"{""uuid"": ""aa8cb88e-f6ad-4ca2-b181-8a7c8f70e370"", ""net"": ""I2C_SCL"", ""a_nm"": [132518700, 122518700], ""b_nm"": [131430000, 121430000], ""width_nm"": 250000, ""layer"": ""F.Cu"", ""squared_length_nm2"": 2370535380000, ""length_mm"": 1.5396543053555887, ""standard_angle"": true}",,I2C corridor / pullup rail preservation / 4L MCU feed / exact protected geometry cleanup
ab1be58e-c9b4-4671-b4af-b30832579ed3,removed,I2C_SDA,"{""uuid"": ""ab1be58e-c9b4-4671-b4af-b30832579ed3"", ""net"": ""I2C_SDA"", ""a_nm"": [119038000, 93748000], ""b_nm"": [118738000, 93848000], ""width_nm"": 200000, ""layer"": ""B.Cu"", ""squared_length_nm2"": 100000000000, ""length_mm"": 0.3162277660168379, ""standard_angle"": false}",,I2C corridor / pullup rail preservation / 4L MCU feed / exact protected geometry cleanup
b1129a9f-6049-4ffb-b2f7-be3d87b39c3b,removed,I2C_SDA,"{""uuid"": ""b1129a9f-6049-4ffb-b2f7-be3d87b39c3b"", ""net"": ""I2C_SDA"", ""a_nm"": [171399000, 98138500], ""b_nm"": [172000000, 97537500], ""width_nm"": 250000, ""layer"": ""B.Cu"", ""squared_length_nm2"": 722402000000, ""length_mm"": 0.84994235098623, ""standard_angle"": true}",,I2C corridor / pullup rail preservation / 4L MCU feed / exact protected geometry cleanup
bb884bf5-abc2-4d3b-ac24-174ea6b379d6,removed,I2C_SCL,"{""uuid"": ""bb884bf5-abc2-4d3b-ac24-174ea6b379d6"", ""net"": ""I2C_SCL"", ""a_nm"": [175416400, 116628700], ""b_nm"": [172222400, 119327100], ""width_nm"": 250000, ""layer"": ""F.Cu"", ""squared_length_nm2"": 17482998560000, ""length_mm"": 4.181267578139433, ""standard_angle"": false}",,I2C corridor / pullup rail preservation / 4L MCU feed / exact protected geometry cleanup
ce0f854c-8587-4f61-bad2-509fc4ac7824,removed,I2C_SDA,"{""uuid"": ""ce0f854c-8587-4f61-bad2-509fc4ac7824"", ""net"": ""I2C_SDA"", ""a_nm"": [108716700, 93304400], ""b_nm"": [109626400, 94214100], ""width_nm"": 250000, ""layer"": ""B.Cu"", ""squared_length_nm2"": 1655108180000, ""length_mm"": 1.2865100776908047, ""standard_angle"": true}",,I2C corridor / pullup rail preservation / 4L MCU feed / exact protected geometry cleanup
d81409d1-f471-497b-840b-2887376b0555,removed,I2C_SCL,"{""uuid"": ""d81409d1-f471-497b-840b-2887376b0555"", ""net"": ""I2C_SCL"", ""a_nm"": [141642400, 123524900], ""b_nm"": [140636200, 122518700], ""width_nm"": 250000, ""layer"": ""F.Cu"", ""squared_length_nm2"": 2024876880000, ""length_mm"": 1.4229816864598082, ""standard_angle"": true}",,I2C corridor / pullup rail preservation / 4L MCU feed / exact protected geometry cleanup
e1e70c7a-c048-4d0b-ba9e-6f0cb9e6c148,removed,I2C_SCL,"{""uuid"": ""e1e70c7a-c048-4d0b-ba9e-6f0cb9e6c148"", ""net"": ""I2C_SCL"", ""a_nm"": [163030700, 119415000], ""b_nm"": [161314500, 121131200], ""width_nm"": 250000, ""layer"": ""F.Cu"", ""squared_length_nm2"": 5890684880000, ""length_mm"": 2.4270733157447055, ""standard_angle"": true}",,I2C corridor / pullup rail preservation / 4L MCU feed / exact protected geometry cleanup
e4b7c0dd-51ab-5654-ae63-e18df2026b07,added,I2C_SDA,,"{""uuid"": ""e4b7c0dd-51ab-5654-ae63-e18df2026b07"", ""net"": ""I2C_SDA"", ""a_nm"": [105088000, 90962500], ""b_nm"": [105088000, 91598000], ""width_nm"": 250000, ""layer"": ""B.Cu"", ""squared_length_nm2"": 403860250000, ""length_mm"": 0.6355, ""standard_angle"": true}",I2C corridor / pullup rail preservation / 4L MCU feed / exact protected geometry cleanup
e97a60fb-99e8-45b6-ba22-a9797339cfe4,removed,I2C_SCL,"{""uuid"": ""e97a60fb-99e8-45b6-ba22-a9797339cfe4"", ""net"": ""I2C_SCL"", ""a_nm"": [180953600, 94781200], ""b_nm"": [183355600, 97183200], ""width_nm"": 250000, ""layer"": ""F.Cu"", ""squared_length_nm2"": 11539208000000, ""length_mm"": 3.396940976820174, ""standard_angle"": true}",,I2C corridor / pullup rail preservation / 4L MCU feed / exact protected geometry cleanup
f0c8e962-9f1d-4d37-a68c-e4664b407c46,removed,I2C_SDA,"{""uuid"": ""f0c8e962-9f1d-4d37-a68c-e4664b407c46"", ""net"": ""I2C_SDA"", ""a_nm"": [118638000, 93898000], ""b_nm"": [117613000, 94173000], ""width_nm"": 200000, ""layer"": ""B.Cu"", ""squared_length_nm2"": 1126250000000, ""length_mm"": 1.061249263839556, ""standard_angle"": false}",,I2C corridor / pullup rail preservation / 4L MCU feed / exact protected geometry cleanup
